uuid,parentid,soatoid,region_id,region_name,id,name_uz,name_ru,extid,ovirid,district_id_soato,district_name_soato,district_id_cadastre,district_id_cadastre.1
355b76b4-72cf-4987-9451-e0089636940f,22af9341-ddad-48cb-b1a8-4e809f0de311,10:08:00,1726,Toshkent shahri,1726:280,Olmazor tumani,Алмазарский район,124,1012.0,1726280,Алмазарский район,1726280,Olmazor tumani
9b84361a-9ef2-4dfe-a92b-81e8bf3c6fe6,22af9341-ddad-48cb-b1a8-4e809f0de311,10:11:00,1726,Toshkent shahri,1726:264,Bektemir tumani,Бектемирский район,42,1011.0,1726264,Бектемирский район,1726264,Bektemir tumani
91a39eff-4da6-46c1-a87f-b8b6dee93edf,22af9341-ddad-48cb-b1a8-4e809f0de311,10:11:00,1726,Toshkent shahri,1726:273,Mirobod tumani,Мирабадский район,109,1009.0,1726273,Мирабадский район,1726273,Mirobod tumani
fbcddd5b-24d8-477e-a632-2b1565a8f84d,22af9341-ddad-48cb-b1a8-4e809f0de311,10:11:00,1726,Toshkent shahri,1726:269,Mirzo ulug‘bek tumani,Мирзо-Улугбекский район,107,1003.0,1726269,Мирзо Улугбекский район,1726269,Mirzo ulug‘bek tumani
fbcddd5b-24d8-477e-a632-2b1565a8f84d,22af9341-ddad-48cb-b1a8-4e809f0de311,10:11:00,1726,Toshkent shahri,1726:269,Yangihayot tumani,Мирзо-Улугбекский район,107,1003.0,1726269,Мирзо Улугбекский район,1726269,Mirzo ulug‘bek tumani
fbcddd5b-24d8-477e-a632-2b1565a8f84d,22af9341-ddad-48cb-b1a8-4e809f0de311,10:11:00,1726,Toshkent shahri,1726:292,Mirzo ulug‘bek tumani,Мирзо-Улугбекский район,107,1003.0,1726269,Мирзо Улугбекский район,1726292,Yangihayot tumani
fbcddd5b-24d8-477e-a632-2b1565a8f84d,22af9341-ddad-48cb-b1a8-4e809f0de311,10:11:00,1726,Toshkent shahri,1726:292,Yangihayot tumani,Мирзо-Улугбекский район,107,1003.0,1726269,Мирзо Улугбекский район,1726292,Yangihayot tumani
f2f6b40b-096d-4712-be06-e003cb4b0d2c,22af9341-ddad-48cb-b1a8-4e809f0de311,10:06:00,1726,Toshkent shahri,1726:283,Sirg‘ali tumani,Сергелийский район,145,1008.0,1726283,Сергелийский район,1726283,Sirg‘ali tumani
3f28ed5d-54f0-459c-98f2-647d59c99eb7,22af9341-ddad-48cb-b1a8-4e809f0de311,10:01:00,1726,Toshkent shahri,1726:262,Uchtepa tumani,Учтепинский район,168,1001.0,1726262,Учтепинский район,1726262,Uchtepa tumani
e6dc0e3e-d3d8-45bc-9b8a-27e44d201f30,22af9341-ddad-48cb-b1a8-4e809f0de311,10:03:00,1726,Toshkent shahri,1726:294,Chilonzor tumani,Чиланзарский район,179,1007.0,1726294,Чиланзарский район,1726294,Chilonzor tumani
3fef5d77-22f6-42ec-b0a9-57cc17849556,22af9341-ddad-48cb-b1a8-4e809f0de311,10:10:00,1726,Toshkent shahri,1726:277,Shayxontoxur tumani,Шайхантахурский район,185,1006.0,1726277,Шайхантахурский район,1726277,Shayxontoxur tumani
3d253583-f088-42f3-8544-e9beb4d706a0,22af9341-ddad-48cb-b1a8-4e809f0de311,10:11:00,1726,Toshkent shahri,1726:266,Yunusobod tumani,Юнусабадский район,196,1010.0,1726266,Юнусабадский район,1726266,Yunusobod tumani
a2b6a3d4-9b31-4391-a64a-4d94c2f7049c,22af9341-ddad-48cb-b1a8-4e809f0de311,10:11:00,1726,Toshkent shahri,1726:287,Yakkasaroy tumani,Яккасарайский район,198,1005.0,1726287,Яккасарайский район,1726287,Yakkasaroy tumani
a8b05747-e559-4505-ba50-b25de0a3a001,22af9341-ddad-48cb-b1a8-4e809f0de311,10:11:00,1726,Toshkent shahri,1726:290,Yashnobod tumani,Яшнабадский район,204,7390001080.0,1726290,Яшнабадский район,1726290,Yashnobod tumani
dde7e465-f9a8-46a4-860c-0a85d1e9c52f,b7c00816-aeaa-4427-becf-d16fcd6c67ed,10:11:00,1727,Toshkent viloyati,1727:206,Oqqo‘rg‘on tumani,Аккурганский район,122,1106.0,1727206,Аккурганский район,1727206,Oqqo‘rg‘on tumani
5d4895b1-87ef-4d96-8354-4b74b7785237,b7c00816-aeaa-4427-becf-d16fcd6c67ed,10:11:00,1727,Toshkent viloyati,1727:212,Ohangaron tumani,Ахангаранский район,129,1110.0,1727212,Ахангаранский район,1727212,Ohangaron tumani
c3443ced-b63e-4d1a-8156-f1a93d2492ad,b7c00816-aeaa-4427-becf-d16fcd6c67ed,10:11:00,1727,Toshkent viloyati,1727:220,Bekobod tumani,Бекабадский район,41,1111.0,1727220,Бекабадский район,1727220,Bekobod tumani
7ee99479-602e-49eb-b08a-21454a6bbe32,b7c00816-aeaa-4427-becf-d16fcd6c67ed,10:11:00,1727,Toshkent viloyati,1727:224,Bo‘stonliq tumani,Бостанлыкский район,54,1112.0,1727224,Бостанлыкский район,1727224,Bo‘stonliq tumani
0edd3090-286b-447e-8e75-189d1401f966,b7c00816-aeaa-4427-becf-d16fcd6c67ed,10:11:00,1727,Toshkent viloyati,1727:228,Bo‘ka tumani,Букинский район,50,1113.0,1727228,Букинский район,1727228,Bo‘ka tumani
a5fc99b3-16e5-4e60-8240-f5bff529fdb3,b7c00816-aeaa-4427-becf-d16fcd6c67ed,11:18:00,1727,Toshkent viloyati,1727:404,Olmaliq tumani,Город Алмалык,22,1118.0,1727404,город Алмалык,1727404,Olmaliq tumani
8dc90479-ab95-40f3-87c9-dbf8a3288eb4,b7c00816-aeaa-4427-becf-d16fcd6c67ed,10:11:00,1727,Toshkent viloyati,1727:407,Angren tumani,Город Ангрен,19,1116.0,1727407,город Ангрен,1727407,Angren tumani
102129ad-d8c9-4ca4-8ec9-c2e35c099c01,b7c00816-aeaa-4427-becf-d16fcd6c67ed,11:19:00,1727,Toshkent viloyati,1727:415,Ohangaron tumani,Город Ахангаран,23,739001121.0,1727415,город Ахангаран,1727415,Ohangaron tumani
e1988588-5361-41d9-b283-08c14537adea,b7c00816-aeaa-4427-becf-d16fcd6c67ed,10:11:00,1727,Toshkent viloyati,1727:413,Bekobod tumani,Город Бекабад,20,1214.0,1727413,город Бекабад,1727413,Bekobod tumani
e97eb8c4-9172-40b5-af85-d2f72e6dd295,b7c00816-aeaa-4427-becf-d16fcd6c67ed,10:11:00,1727,Toshkent viloyati,1727:401,Nurafshon shahri,Город Нурафшан,21,739001120.0,1727401,город Нурафшон,1727401,Nurafshon shahri
cd9e404d-1b94-4c80-b633-1c0e04dfbd81,b7c00816-aeaa-4427-becf-d16fcd6c67ed,10:11:00,1727,Toshkent viloyati,1727:419,Chirchiq tumani,Город Чирчик,24,1120.0,1727419,город Чирчик,1727419,Chirchiq tumani
6f2e94a0-7fe5-49b1-bd46-dd149d784b64,b7c00816-aeaa-4427-becf-d16fcd6c67ed,10:11:00,1727,Toshkent viloyati,1727:424,Yangiyo‘l tumani,Город Янгиюль,25,1122.0,1727424,город Янгиюль,1727424,Yangiyo‘l tumani
db14aeee-6061-415f-ad23-834daad4854e,b7c00816-aeaa-4427-becf-d16fcd6c67ed,10:11:00,1727,Toshkent viloyati,1727:237,Zangiota tumani,Зангиатинский район,71,1102.0,1727237,Зангиатинский район,1727237,Zangiota tumani
097c3c6c-23b0-44b7-960b-6fd0c0ff9fc6,b7c00816-aeaa-4427-becf-d16fcd6c67ed,10:11:00,1727,Toshkent viloyati,1727:248,Qibray tumani,Кибрайский район,88,1108.0,1727248,Кибрайский район,1727248,Qibray tumani
f3a2d9be-a112-49af-a974-c1c2ed78dd30,b7c00816-aeaa-4427-becf-d16fcd6c67ed,10:11:00,1727,Toshkent viloyati,1727:233,Quyichirchiq tumani,Куйичирчикский район,96,1107.0,1727233,Куйичирчикский район,1727233,Quyichirchiq tumani
16f8c799-3110-486d-b23c-505d4c3336f9,b7c00816-aeaa-4427-becf-d16fcd6c67ed,10:11:00,1727,Toshkent viloyati,1727:249,Parkent tumani,Паркентский район,131,1104.0,1727249,Паркентский район,1727249,Parkent tumani
1f21771e-080c-4c3c-a3d0-1e4d2bc69350,b7c00816-aeaa-4427-becf-d16fcd6c67ed,10:11:00,1727,Toshkent viloyati,1727:250,Pskent tumani,Пскентский район,137,1103.0,1727250,Пскентский район,1727250,Pskent tumani
a876eb01-6f3d-4c41-b493-fcb08fa70437,b7c00816-aeaa-4427-becf-d16fcd6c67ed,10:11:00,1727,Toshkent viloyati,1727:265,Toshkent tumani,Ташкентский район,153,1109.0,1727265,Ташкентский район,1727265,Toshkent tumani
18c7abbc-6f5f-44a9-9efa-c9b717af121a,b7c00816-aeaa-4427-becf-d16fcd6c67ed,10:11:00,1727,Toshkent viloyati,1727:253,O‘rtachirchiq tumani,Уртачирчикский район,164,1105.0,1727253,Уртачирчикский район,1727253,O‘rtachirchiq tumani
f12b585c-a71f-4f8b-98ae-d95c3472b1a3,b7c00816-aeaa-4427-becf-d16fcd6c67ed,11:13:00,1727,Toshkent viloyati,1727:256,Chinoz tumani,Чиназский район,181,1115.0,1727256,Чиназский район,1727256,Chinoz tumani
f65aadb0-c033-4a73-8973-409b00e84d8e,b7c00816-aeaa-4427-becf-d16fcd6c67ed,11:14:00,1727,Toshkent viloyati,1727:239,Yuqorichirchiq tumani,Юкоричирчикский район,195,1114.0,1727239,Юкоричирчикский район,1727239,Yuqorichirchiq tumani
96d6e009-3778-44e2-8012-5f51aed78884,b7c00816-aeaa-4427-becf-d16fcd6c67ed,11:15:00,1727,Toshkent viloyati,1727:259,Yangiyo‘l tumani,Янгиюльский район,201,1101.0,1727259,Янгиюльский район,1727259,Yangiyo‘l tumani
5fb8eafc-3007-4d7a-930e-f8a963dca74b,35f5f075-5766-414c-8d81-ca88faa099af,12:04:00,1724,Sirdaryo viloyati,1724:206,Oqoltin tumani,Акалтынский район,123,1207.0,1724206,Акалтынский район,1724206,Oqoltin tumani
731d1438-1331-4126-9064-b2c4f7a7c8ba,35f5f075-5766-414c-8d81-ca88faa099af,10:11:00,1724,Sirdaryo viloyati,1724:212,Boyovut tumani,Баяутский район,46,1203.0,1724212,Баяутский район,1724212,Boyovut tumani
68f80815-50c3-4b83-b7e8-83db3475c088,35f5f075-5766-414c-8d81-ca88faa099af,10:11:00,1724,Sirdaryo viloyati,1724:401,Guliston shahri,Город Гулистан,15,1210.0,1724401,город Гулистан,1724401,Guliston shahri
58ed5982-1be4-4007-9844-c4657572b396,35f5f075-5766-414c-8d81-ca88faa099af,10:11:00,1724,Sirdaryo viloyati,1724:410,Shirin shahri,Город Ширин,16,1212.0,1724410,город Ширин,1724410,Shirin shahri
ed0ca5d6-2e13-4691-bded-f96cc1e8ed52,35f5f075-5766-414c-8d81-ca88faa099af,10:11:00,1724,Sirdaryo viloyati,1724:413,Yangiyer shahri,Город Янгиер,17,1213.0,1724413,город Янгиер,1724413,Yangiyer shahri
53ce6821-86b9-47ac-9ac2-ca058be6413e,35f5f075-5766-414c-8d81-ca88faa099af,10:11:00,1724,Sirdaryo viloyati,1724:220,Guliston tumani,Гулистанский район,60,1202.0,1724220,Гулистанский район,1724220,Guliston tumani
72dbf28d-4b14-4ade-849e-3b120528e247,35f5f075-5766-414c-8d81-ca88faa099af,12:03:00,1724,Sirdaryo viloyati,1724:228,Mirzaobod tumani,Мирзаабадский район ,105,1206.0,1724228,Мирзаабадский район,1724228,Mirzaobod tumani
95af732a-679c-4761-b382-486c020c0af8,35f5f075-5766-414c-8d81-ca88faa099af,12:06:00,1724,Sirdaryo viloyati,1724:216,Sayxunobod tumani,Сайхунабадский район,141,1201.0,1724216,Сайхунабадский район,1724216,Sayxunobod tumani
1f36f56e-6c19-478a-8a0b-f34f357ca938,35f5f075-5766-414c-8d81-ca88faa099af,12:05:00,1724,Sirdaryo viloyati,1724:226,Sardoba tumani,Сардобинский район,143,1215.0,1724226,Сардобинский район,1724226,Sardoba tumani
0e137bea-80f3-4e2f-89a3-660ea973a762,35f5f075-5766-414c-8d81-ca88faa099af,12:07:00,1724,Sirdaryo viloyati,1724:231,Sirdaryo tumani,Сырдарьинский район,146,1209.0,1724231,Сырдарьинский район,1724231,Sirdaryo tumani
79463f0f-226a-439a-a2ea-6f604aaf2ed4,35f5f075-5766-414c-8d81-ca88faa099af,12:08:00,1724,Sirdaryo viloyati,1724:235,Xovos tumani,Хавастский район,174,1205.0,1724235,Хавастский район,1724235,Xovos tumani
d4019b5d-f669-4cc8-860b-fce24cac0540,e1e75f54-0d2d-42d4-993d-0f69c64b8d15,13:01:00,1708,Jizzax viloyati,1708:201,Arnasoy tumani,Арнасайский район,35,1310.0,1708201,Арнасайский район,1708201,Arnasoy tumani
c570124f-9888-4d13-a71a-54d12c6c2e63,e1e75f54-0d2d-42d4-993d-0f69c64b8d15,13:02:00,1708,Jizzax viloyati,1708:204,Baxmal tumani,Бахмальский район,40,1307.0,1708204,Бахмальский район,1708204,Baxmal tumani
337f883e-bffa-4cbc-9bfc-2a8cc67bb657,e1e75f54-0d2d-42d4-993d-0f69c64b8d15,13:03:00,1703,Andijon viloyati,1703:209,Bo‘ston tumani,Галляаральский район,57,1306.0,1708209,Галляаральский район,1703209,Bo‘ston tumani
337f883e-bffa-4cbc-9bfc-2a8cc67bb657,e1e75f54-0d2d-42d4-993d-0f69c64b8d15,13:03:00,1708,Jizzax viloyati,1708:209,G‘allaorol tumani,Галляаральский район,57,1306.0,1708209,Галляаральский район,1703209,Bo‘ston tumani
337f883e-bffa-4cbc-9bfc-2a8cc67bb657,e1e75f54-0d2d-42d4-993d-0f69c64b8d15,13:03:00,1703,Andijon viloyati,1703:209,Bo‘ston tumani,Галляаральский район,57,1306.0,1708209,Галляаральский район,1708209,G‘allaorol tumani
337f883e-bffa-4cbc-9bfc-2a8cc67bb657,e1e75f54-0d2d-42d4-993d-0f69c64b8d15,13:03:00,1708,Jizzax viloyati,1708:209,G‘allaorol tumani,Галляаральский район,57,1306.0,1708209,Галляаральский район,1708209,G‘allaorol tumani
0bfb2e77-26aa-4ae3-b595-b4417f1b606f,e1e75f54-0d2d-42d4-993d-0f69c64b8d15,13:13:00,1708,Jizzax viloyati,1708:401,Jizzax shahri,Город Джизак,5,1314.0,1708401,город Джизак,1708401,Jizzax shahri
605219d2-500b-4509-adf5-7da65ac57f00,e1e75f54-0d2d-42d4-993d-0f69c64b8d15,13:05:00,1708,Jizzax viloyati,1708:215,Do‘stlik tumani,Дустликский район,65,1302.0,1708215,Дустликский район,1708215,Do‘stlik tumani
7552fbe4-d7ef-4c8c-91e7-71a9c48fde91,e1e75f54-0d2d-42d4-993d-0f69c64b8d15,13:08:00,1708,Jizzax viloyati,1708:218,Zomin tumani,Зааминский район,74,1311.0,1708218,Заминский район,1708218,Zomin tumani
33e9017d-21e5-4ba9-9ccc-434d1822b3db,e1e75f54-0d2d-42d4-993d-0f69c64b8d15,13:06:00,1708,Jizzax viloyati,1708:220,Zarbdor tumani,Зарбдарский район,72,1301.0,1708220,Зарбдорский район,1708220,Zarbdor tumani
3a50300b-dd93-416d-bce0-06e545231588,e1e75f54-0d2d-42d4-993d-0f69c64b8d15,13:07:00,1708,Jizzax viloyati,1708:225,Zafarobod tumani,Зафарабадский район,73,1309.0,1708225,Зафарабадский район,1708225,Zafarobod tumani
86bd625a-9a3f-4ea7-99b2-bf87df0029f6,e1e75f54-0d2d-42d4-993d-0f69c64b8d15,13:09:00,1708,Jizzax viloyati,1708:223,Mirzacho‘l tumani,Мирзачульский район,106,1312.0,1708223,Мирзачульский район,1708223,Mirzacho‘l tumani
30976eae-7d8b-4191-b628-734d3637cd6e,e1e75f54-0d2d-42d4-993d-0f69c64b8d15,13:10:00,1708,Jizzax viloyati,1708:228,Paxtakor tumani,Пахтакорский район,133,1308.0,1708228,Пахтакорский район,1708228,Paxtakor tumani
70d4330c-cc2a-49e1-847f-d88155ae88ba,e1e75f54-0d2d-42d4-993d-0f69c64b8d15,13:11:00,1708,Jizzax viloyati,1708:235,Forish tumani,Фаришский район,170,1304.0,1708235,Фаришский район,1708235,Forish tumani
8d929b73-ce6c-4942-bb2d-ef1c8f292788,e1e75f54-0d2d-42d4-993d-0f69c64b8d15,13:04:00,1708,Jizzax viloyati,1708:212,Sharof Rashidov tumani,Шараф-Рашидовский район ,186,739001100.0,1708212,Шароф Рашидовский район,1708212,Sharof Rashidov tumani
68348346-1475-43eb-b217-8f50d6c376c1,e1e75f54-0d2d-42d4-993d-0f69c64b8d15,13:12:00,1708,Jizzax viloyati,1708:237,Yangiobod tumani,Янгиабадский район,203,1313.0,1708237,Янгиабадский район,1708237,Yangiobod tumani
d08c5ed5-7b70-40a4-92f1-594979a21a35,b0ec35e2-4b94-4e04-b5b8-f786de08d855,14:08:00,1718,Samarqand viloyati,1718:203,Oqdaryo tumani,Акдарьинский район,121,1407.0,1718203,Акдарьинский район,1718203,Oqdaryo tumani
5b22c6db-d73b-49c2-8d0d-3e5fdd300b56,b0ec35e2-4b94-4e04-b5b8-f786de08d855,14:01:00,1718,Samarqand viloyati,1718:206,Bulung‘ur tumani,Булунгурский район,52,1411.0,1718206,Булунгурский район,1718206,Bulung‘ur tumani
242dd7eb-88e0-40a2-b808-a4b5cd44edb3,b0ec35e2-4b94-4e04-b5b8-f786de08d855,14:15:00,1718,Samarqand viloyati,1718:406,Kattaqo‘rg‘on shahri,Город Каттакурган,13,1412.0,1718406,город Каттакурган,1718406,Kattaqo‘rg‘on shahri
6dbe93fe-856a-4e42-a4ab-02e0bfa937cd,b0ec35e2-4b94-4e04-b5b8-f786de08d855,14:16:00,1718,Samarqand viloyati,1718:401,Samarqand shahri,Город Самарканд,14,1417.0,1718401,город Самарканд,1718401,Samarqand shahri
0d734808-3bfd-4cce-8b04-12e8e08efa6d,b0ec35e2-4b94-4e04-b5b8-f786de08d855,14:02:00,1718,Samarqand viloyati,1718:209,Jomboy tumani,Джамбайский район ,69,1403.0,1718209,Джамбайский район,1718209,Jomboy tumani
354c7c3e-c410-4d28-a969-561badb26550,b0ec35e2-4b94-4e04-b5b8-f786de08d855,14:03:00,1718,Samarqand viloyati,1718:212,Ishtixon tumani,Иштыханский район ,76,1408.0,1718212,Иштыханский район,1718212,Ishtixon tumani
ee5a1682-ac2e-4da3-a083-2de025eda114,b0ec35e2-4b94-4e04-b5b8-f786de08d855,14:05:00,1718,Samarqand viloyati,1718:215,Kattaqo‘rg‘on tumani,Каттакурганский район,79,1406.0,1718215,Каттакурганский район,1718215,Kattaqo‘rg‘on tumani
1afb010c-0f4d-4992-8f28-f1238817fecd,b0ec35e2-4b94-4e04-b5b8-f786de08d855,14:04:00,1718,Samarqand viloyati,1718:216,Qo‘shrabot tumani,Кошрабадский район,101,1414.0,1718216,Кошрабадский район,1718216,Qo‘shrabot tumani
341c6d15-3fff-4dc6-bed3-03caeec16688,b0ec35e2-4b94-4e04-b5b8-f786de08d855,14:06:00,1718,Samarqand viloyati,1718:218,Narpay tumani,Нарпайский район,115,1401.0,1718218,Нарпайский район,1718218,Narpay tumani
71118d54-db55-4561-a51d-baac4c373caa,b0ec35e2-4b94-4e04-b5b8-f786de08d855,14:07:00,1718,Samarqand viloyati,1718:235,Nurobod tumani,Нурабадский район,119,1402.0,1718235,Нурабадский район,1718235,Nurobod tumani
899afc8b-6a13-4e9f-bcf2-fa6487da3374,b0ec35e2-4b94-4e04-b5b8-f786de08d855,14:09:00,1718,Samarqand viloyati,1718:224,Payariq tumani,Пайарыкский район,130,1415.0,1718224,Пайарыкский район,1718224,Payariq tumani
393bdae2-61fc-422b-a0aa-4eab49f6b170,b0ec35e2-4b94-4e04-b5b8-f786de08d855,14:10:00,1718,Samarqand viloyati,1718:227,Pastdarg‘om tumani,Пастдаргомский район,132,1409.0,1718227,Пастдаргомский район,1718227,Pastdarg‘om tumani
3201e3c2-9355-460e-b456-4d878a99922f,b0ec35e2-4b94-4e04-b5b8-f786de08d855,14:11:00,1718,Samarqand viloyati,1718:230,Paxtachi tumani,Пахтачийский район,135,1405.0,1718230,Пахтачийский район,1718230,Paxtachi tumani
379f2b6b-97c3-4e3b-b5e2-2a0934e535a9,b0ec35e2-4b94-4e04-b5b8-f786de08d855,14:12:00,1718,Samarqand viloyati,1718:233,Samarqand tumani,Самаркандский район,142,1413.0,1718233,Самаркандский район,1718233,Samarqand tumani
56bb9761-20c5-4fcb-bf39-169e21efb420,b0ec35e2-4b94-4e04-b5b8-f786de08d855,14:13:00,1718,Samarqand viloyati,1718:238,Tayloq tumani,Тайлакский район,151,1410.0,1718238,Тайлакский район,1718238,Tayloq tumani
2bcc34c9-1a42-4848-a414-4af4f4537329,b0ec35e2-4b94-4e04-b5b8-f786de08d855,14:14:00,1718,Samarqand viloyati,1718:236,Urgut tumani,Ургутский район,163,1404.0,1718236,Ургутский район,1718236,Urgut tumani
ca2a5a78-8d1a-4441-9cc1-407e34f1b797,405cf1cd-7a93-4443-8970-99d9264ccc1a,15:07:00,1730,Farg‘ona viloyati,1730:203,Oltiariq tumani,Алтыарыкский район,126,1507.0,1730203,Алтыарыкский район,1730203,Oltiariq tumani
12d712cd-776e-4f13-bb48-c50fafa5683f,405cf1cd-7a93-4443-8970-99d9264ccc1a,15:01:00,1730,Farg‘ona viloyati,1730:209,Bog‘dod tumani,Багдадский район,37,1508.0,1730209,Багдадский район,1730209,Bog‘dod tumani
eb6c7593-fa56-4a19-9fd9-cdd088ac7ef8,405cf1cd-7a93-4443-8970-99d9264ccc1a,15:02:00,1730,Farg‘ona viloyati,1730:215,Beshariq tumani,Бешарыкский район,44,1515.0,1730215,Бешарыкский район,1730215,Beshariq tumani
972f6bdf-ea00-4f60-8b54-a536ec022b8f,405cf1cd-7a93-4443-8970-99d9264ccc1a,15:03:00,1730,Farg‘ona viloyati,1730:212,Buvayda tumani,Бувайдинский район,48,1509.0,1730212,Бувайдинский район,1730212,Buvayda tumani
fd2534e1-0cb0-4871-88d6-a5362826f5dd,405cf1cd-7a93-4443-8970-99d9264ccc1a,15:16:00,1730,Farg‘ona viloyati,1730:405,Qo‘qon shahri,Город Коканд,27,1519.0,1730405,город Коканд,1730405,Qo‘qon shahri
59c91cea-8d95-4db1-8db4-4bc13445cbe5,405cf1cd-7a93-4443-8970-99d9264ccc1a,15:18:00,1730,Farg‘ona viloyati,1730:408,Quvasoy shahri,Город Кувасай,26,1517.0,1730408,город Кувасай,1730408,Quvasoy shahri
cf6c9071-565f-42d8-b826-1ac34f68b2a9,405cf1cd-7a93-4443-8970-99d9264ccc1a,15:19:00,1730,Farg‘ona viloyati,1730:412,Marg‘ilon shahri,Город Маргилан,28,1520.0,1730412,город Маргилан,1730412,Marg‘ilon shahri
28350f04-96c2-4438-98c7-5425d80d2e51,405cf1cd-7a93-4443-8970-99d9264ccc1a,15:20:00,1730,Farg‘ona viloyati,1730:401,Farg‘ona shahri,Город Фергана,29,1521.0,1730401,город Фергана,1730401,Farg‘ona shahri
959499f7-ef9e-47f8-b39e-d8971d3eee82,405cf1cd-7a93-4443-8970-99d9264ccc1a,15:04:00,1730,Farg‘ona viloyati,1730:236,Dang‘ara tumani,Дангаринский район,62,1512.0,1730236,Дангаринский район,1730236,Dang‘ara tumani
ef7b0e3a-a5d3-49fd-bafe-325d82e0c59a,405cf1cd-7a93-4443-8970-99d9264ccc1a,15:06:00,1730,Farg‘ona viloyati,1730:218,Quva tumani,Кувинский район,95,1503.0,1730218,Кувинский район,1730218,Quva tumani
dec74464-4d47-4d8c-a32b-7ffb1be03656,405cf1cd-7a93-4443-8970-99d9264ccc1a,15:08:00,1730,Farg‘ona viloyati,1730:206,Qo‘shtepa tumani,Куштепинский район,102,2434.0,1730206,Куштепинский район,1730206,Qo‘shtepa tumani
b8c01b8d-8f15-43cf-93e8-b358f71e97e8,405cf1cd-7a93-4443-8970-99d9264ccc1a,15:07:00,1730,Farg‘ona viloyati,1730:224,Rishton tumani,Риштанский район,139,1511.0,1730224,Риштанский район,1730224,Rishton tumani
f89339f8-6978-438b-9e19-6fac300d1ced,405cf1cd-7a93-4443-8970-99d9264ccc1a,15:10:00,1730,Farg‘ona viloyati,1730:226,So‘x tumani,Сохский район,147,1516.0,1730226,Сохский район,1730226,So‘x tumani
8cdd2405-a03c-4e12-9fd3-06969ba604e9,405cf1cd-7a93-4443-8970-99d9264ccc1a,15:11:00,1730,Farg‘ona viloyati,1730:227,Toshloq tumani,Ташлакский район,154,1504.0,1730227,Ташлакский район,1730227,Toshloq tumani
109286e8-19d7-4927-9465-3f952eba0808,405cf1cd-7a93-4443-8970-99d9264ccc1a,15:15:00,1730,Farg‘ona viloyati,1730:230,O‘zbekiston tumani,Узбекистанский район,158,1514.0,1730230,Узбекистанский район,1730230,O‘zbekiston tumani
cc4e0460-bb90-4aaf-8e69-4563aa2ef115,405cf1cd-7a93-4443-8970-99d9264ccc1a,15:12:00,1730,Farg‘ona viloyati,1730:221,Uchko‘prik tumani,Учкуприкский район,165,1510.0,1730221,Учкуприкский район,1730221,Uchko‘prik tumani
906b0286-8b38-4327-9010-7d96687bd56b,405cf1cd-7a93-4443-8970-99d9264ccc1a,15:13:00,1730,Farg‘ona viloyati,1730:233,Farg‘ona tumani,Ферганский район,169,1502.0,1730233,Ферганский район,1730233,Farg‘ona tumani
e468cb20-b7b9-490d-8988-8f6eeb6fb7e1,405cf1cd-7a93-4443-8970-99d9264ccc1a,15:14:00,1730,Farg‘ona viloyati,1730:238,Furqat tumani,Фуркатский район,171,1513.0,1730238,Фуркатский район,1730238,Furqat tumani
cd21a0cd-f47f-43c9-b7f4-7bece9d165b0,405cf1cd-7a93-4443-8970-99d9264ccc1a,15:05:00,1730,Farg‘ona viloyati,1730:242,Yozyovon tumani,Язъяванский район,66,1506.0,1730242,Язъяванский район,1730242,Yozyovon tumani
2032df1b-12b3-4d13-9959-c3ae243c7829,3edbada6-7d3f-4291-a003-61b9d82f9496,16:12:00,1714,Namangan viloyati,1714:401,Namangan shahri,Город Наманган ,12,1613.0,1714401,город Наманган,1714401,Namangan shahri
5d442a5a-1f1d-43b5-929c-e076d085bebf,3edbada6-7d3f-4291-a003-61b9d82f9496,16:01:00,1714,Namangan viloyati,1714:207,Kosonsoy tumani,Касансайский район,85,1614.0,1714207,Касансайский район,1714207,Kosonsoy tumani
9bb684e7-57da-43ea-8e56-0888ab866f9a,3edbada6-7d3f-4291-a003-61b9d82f9496,16:02:00,1714,Namangan viloyati,1714:204,Mingbuloq tumani,Мингбулакский район,104,1602.0,1714204,Мингбулакский район,1714204,Mingbuloq tumani
b6226b9f-96b8-4f77-90c5-813782a37676,3edbada6-7d3f-4291-a003-61b9d82f9496,16:03:00,1714,Namangan viloyati,1714:212,Namangan tumani,Наманганский район,114,1603.0,1714212,Наманганский район,1714212,Namangan tumani
84ad2aba-5cff-405d-aca3-939c20e12322,3edbada6-7d3f-4291-a003-61b9d82f9496,16:04:00,1714,Namangan viloyati,1714:216,Norin tumani,Нарынский район,117,1604.0,1714216,Нарынский район,1714216,Norin tumani
ebe9cdf9-bea3-4305-a9d4-6021c5011a0f,3edbada6-7d3f-4291-a003-61b9d82f9496,16:05:00,1714,Namangan viloyati,1714:219,Pop tumani,Папский район,138,1611.0,1714219,Папский район,1714219,Pop tumani
f6e0621a-5f0f-48cc-b898-2e4e25c507e3,3edbada6-7d3f-4291-a003-61b9d82f9496,16:06:00,1714,Namangan viloyati,1714:224,To‘raqo‘rg‘on tumani,Туракурганский район,156,1612.0,1714224,Туракурганский район,1714224,To‘raqo‘rg‘on tumani
01c4dfed-3e9e-4836-8a1c-5c40976c1410,3edbada6-7d3f-4291-a003-61b9d82f9496,16:07:00,1710,Qashqadaryo viloyati,1710:229,Koson tumani,Уйчинский район,160,1605.0,1714229,Уйчинский район,1710229,Koson tumani
01c4dfed-3e9e-4836-8a1c-5c40976c1410,3edbada6-7d3f-4291-a003-61b9d82f9496,16:07:00,1714,Namangan viloyati,1714:229,Uychi tumani,Уйчинский район,160,1605.0,1714229,Уйчинский район,1710229,Koson tumani
01c4dfed-3e9e-4836-8a1c-5c40976c1410,3edbada6-7d3f-4291-a003-61b9d82f9496,16:07:00,1710,Qashqadaryo viloyati,1710:229,Koson tumani,Уйчинский район,160,1605.0,1714229,Уйчинский район,1714229,Uychi tumani
01c4dfed-3e9e-4836-8a1c-5c40976c1410,3edbada6-7d3f-4291-a003-61b9d82f9496,16:07:00,1714,Namangan viloyati,1714:229,Uychi tumani,Уйчинский район,160,1605.0,1714229,Уйчинский район,1714229,Uychi tumani
fd6d334d-3ca2-4647-8513-8add1d86e9df,3edbada6-7d3f-4291-a003-61b9d82f9496,16:08:00,1714,Namangan viloyati,1714:234,Uchqo‘rg‘on tumani,Учкурганский район,167,1606.0,1714234,Учкурганский район,1714234,Uchqo‘rg‘on tumani
843d25f7-f81d-45b1-b23c-ab5701ce46ee,3edbada6-7d3f-4291-a003-61b9d82f9496,16:09:00,1714,Namangan viloyati,1714:236,Chortoq tumani,Чартакский район,183,1607.0,1714236,Чартакский район,1714236,Chortoq tumani
87f4f437-3652-4c87-bb83-9fb6d644b5da,3edbada6-7d3f-4291-a003-61b9d82f9496,16:10:00,1714,Namangan viloyati,1714:237,Chust tumani,Чустский район,184,1610.0,1714237,Чустский район,1714237,Chust tumani
d6c25f0f-7959-42e1-b948-1db7b8800194,3edbada6-7d3f-4291-a003-61b9d82f9496,16:11:00,1714,Namangan viloyati,1714:242,Yangiqo‘rg‘on tumani,Янгикурганский район,202,1608.0,1714242,Янгикурганский район,1714242,Yangiqo‘rg‘on tumani
2e463a3f-b098-4bb0-bf1b-0c361ae96eb8,827c5de0-cd06-445b-96c2-3067b1927069,17:09:00,1703,Andijon viloyati,1703:202,Oltinko‘l tumani,Алтынкульский район,127,1702.0,1703202,Алтынкульский район,1703202,Oltinko‘l tumani
0ee03fcb-7f42-4303-b7bc-399290f54d46,827c5de0-cd06-445b-96c2-3067b1927069,17:01:00,1703,Andijon viloyati,1703:203,Andijon tumani,Андижанский район,34,1701.0,1703203,Андижанский район,1703203,Andijon tumani
a992ca94-c6b6-4152-b9e9-6ee5cbae7ee3,827c5de0-cd06-445b-96c2-3067b1927069,17:02:00,1703,Andijon viloyati,1703:224,Asaka tumani,Асакинский район,36,1703.0,1703224,Асакинский район,1703224,Asaka tumani
4e17c9d9-7ad6-47bf-a521-d2d07f52bb02,827c5de0-cd06-445b-96c2-3067b1927069,17:03:00,1703,Andijon viloyati,1703:206,Baliqchi tumani,Балыкчинский район,38,1704.0,1703206,Балыкчинский район,1703206,Baliqchi tumani
5a5f3b7a-4f65-4dc8-8743-213625a86f1b,827c5de0-cd06-445b-96c2-3067b1927069,17:04:00,1703,Andijon viloyati,1703:210,Buloqboshi tumani,Булакбашинский район ,51,1713.0,1703210,Булакбашинский район,1703210,Buloqboshi tumani
1f7100ab-a196-4e05-9cc8-19503fcfad71,827c5de0-cd06-445b-96c2-3067b1927069,17:05:00,1724,Sirdaryo viloyati,1724:220,Guliston tumani,Бустанский район,53,739001140.0,1724220,Гулистанский район,1724220,Guliston tumani
b1492860-ba46-4062-b797-bb050d6b5cda,827c5de0-cd06-445b-96c2-3067b1927069,17:15:00,1703,Andijon viloyati,1703:401,Andijon shahri,Город Андижан,1,1715.0,1703401,город Андижан,1703401,Andijon shahri
365a16e0-b452-4c05-939f-5b7101d731ba,827c5de0-cd06-445b-96c2-3067b1927069,17:17:00,1703,Andijon viloyati,1703:408,Xonobod shahri,Город Ханабад,2,1717.0,1703408,город Ханабад,1703408,Xonobod shahri
a87579a1-1bc6-4ff3-ac24-3e6213e9def6,827c5de0-cd06-445b-96c2-3067b1927069,17:06:00,1703,Andijon viloyati,1703:211,Jalaquduq tumani,Джалакудукский район,67,1709.0,1703211,Жалакудукский район,1703211,Jalaquduq tumani
f6545a94-7ec2-45d3-9b3f-690bbccf94f4,827c5de0-cd06-445b-96c2-3067b1927069,17:07:00,1703,Andijon viloyati,1703:214,Izboskan tumani,Избасканский район,75,1712.0,1703214,Избасканский район,1703214,Izboskan tumani
96a583ad-4859-4f2c-be11-931f7c6d4693,827c5de0-cd06-445b-96c2-3067b1927069,17:14:00,1703,Andijon viloyati,1703:220,Qo‘rg‘ontepa tumani,Кургантепинский район,99,1708.0,1703220,Кургантепинский район,1703220,Qo‘rg‘ontepa tumani
640888ba-164f-4ef1-bcfd-b395283f2d71,827c5de0-cd06-445b-96c2-3067b1927069,17:08:00,1703,Andijon viloyati,1703:227,Marxamat tumani,Мархаматский район,103,1711.0,1703227,Мархаматский район,1703227,Marxamat tumani
a8a9e598-8562-4dbc-8716-3b92825019f6,827c5de0-cd06-445b-96c2-3067b1927069,17:10:00,1703,Andijon viloyati,1703:232,Paxtaobod tumani,Пахтаабадский район,134,1714.0,1703232,Пахтаабадский район,1703232,Paxtaobod tumani
157e5a86-59a2-4011-b88f-57b908fbff9c,827c5de0-cd06-445b-96c2-3067b1927069,17:11:00,1703,Andijon viloyati,1703:217,Ulug‘nor tumani,Улугнорский район,161,1706.0,1703217,Улугнорский район,1703217,Ulug‘nor tumani
485ca638-4f10-421f-bc31-e044cfad9f07,827c5de0-cd06-445b-96c2-3067b1927069,17:12:00,1703,Andijon viloyati,1703:236,Xo‘jaobod tumani,Ходжаабадский район,177,1710.0,1703236,Ходжаабадский район,1703236,Xo‘jaobod tumani
7be0f1f4-18f0-4779-a01e-0333bdf75c68,827c5de0-cd06-445b-96c2-3067b1927069,17:13:00,1703,Andijon viloyati,1703:230,Shaxrixon tumani,Шахриханский район,188,1718.0,1703230,Шахриханский район,1703230,Shaxrixon tumani
b2fac87f-a8ab-4ddd-9e38-6c47cd429fc9,adc9cf99-7810-49aa-9509-617c4f240c7f,18:15:00,1710,Qashqadaryo viloyati,1710:401,Qarshi shahri,Город Карши,6,1815.0,1710401,город Карши,1710401,Qarshi shahri
b2fac87f-a8ab-4ddd-9e38-6c47cd429fc9,adc9cf99-7810-49aa-9509-617c4f240c7f,18:15:00,1710,Qashqadaryo viloyati,1710:401,Ko'kdala tumani,Город Карши,6,1815.0,1710401,город Карши,1710401,Qarshi shahri
b2fac87f-a8ab-4ddd-9e38-6c47cd429fc9,adc9cf99-7810-49aa-9509-617c4f240c7f,18:15:00,1710,Qashqadaryo viloyati,1710:240,Qarshi shahri,Город Карши,6,1815.0,1710401,город Карши,1710240,Ko'kdala tumani
b2fac87f-a8ab-4ddd-9e38-6c47cd429fc9,adc9cf99-7810-49aa-9509-617c4f240c7f,18:15:00,1710,Qashqadaryo viloyati,1710:240,Ko'kdala tumani,Город Карши,6,1815.0,1710401,город Карши,1710240,Ko'kdala tumani
25dc50d1-a346-4c54-879a-7aecbbc774ac,adc9cf99-7810-49aa-9509-617c4f240c7f,18:16:00,1710,Qashqadaryo viloyati,1710:405,Shahrisabz shahri,Город Шахрисабз ,7,1816.0,1710405,город Шахрисабз,1710405,Shahrisabz shahri
049216c4-fe72-4ae4-af07-8bfb541069df,adc9cf99-7810-49aa-9509-617c4f240c7f,18:14:00,1710,Qashqadaryo viloyati,1710:207,G‘uzor tumani,Гузарский район,59,1808.0,1710207,Гузарский район,1710207,G‘uzor tumani
5d1f43aa-2b3b-407a-bc91-b9368f3f845a,adc9cf99-7810-49aa-9509-617c4f240c7f,18:02:00,1710,Qashqadaryo viloyati,1710:212,Dehqonobod tumani,Дехканабадский район,64,1804.0,1710212,Дехканабадский район,1710212,Dehqonobod tumani
6bec0352-d436-4c08-8ae6-d627483ffae7,adc9cf99-7810-49aa-9509-617c4f240c7f,18:12:00,1710,Qashqadaryo viloyati,1710:220,Qamashi tumani,Камашинский район,86,1805.0,1710220,Камашинский район,1710220,Qamashi tumani
9ef8084b-efde-4ff8-8ab5-190e77ada157,adc9cf99-7810-49aa-9509-617c4f240c7f,18:13:00,1710,Qashqadaryo viloyati,1710:224,Qarshi tumani,Каршинский район,87,1809.0,1710224,Каршинский район,1710224,Qarshi tumani
6fcde32f-0284-43e7-839f-8bddad4371ae,adc9cf99-7810-49aa-9509-617c4f240c7f,18:05:00,1714,Namangan viloyati,1714:207,Kosonsoy tumani,Касансайский район,84,1802.0,1714207,Касансайский район,1714207,Kosonsoy tumani
6a7854a6-a98c-494c-881d-4dee0c1dec47,adc9cf99-7810-49aa-9509-617c4f240c7f,18:03:00,1710,Qashqadaryo viloyati,1710:237,Kasbi tumani,Касбийский район ,78,1812.0,1710237,Касбинский район,1710237,Kasbi tumani
482e7eb6-7942-4820-8724-f8345f017f9f,adc9cf99-7810-49aa-9509-617c4f240c7f,18:04:00,1710,Qashqadaryo viloyati,1710:232,Kitob tumani,Китабский район,81,1811.0,1710232,Китабский район,1710232,Kitob tumani
c44af74e-c5cb-487a-b486-f0e94c150b0d,adc9cf99-7810-49aa-9509-617c4f240c7f,18:01:00,1710,Qashqadaryo viloyati,1710:233,Mirishkor tumani,Миришкорский район,108,1814.0,1710233,Миришкорский район,1710233,Mirishkor tumani
52d2a9c4-76a2-422a-a529-93afa53be155,adc9cf99-7810-49aa-9509-617c4f240c7f,18:06:00,1710,Qashqadaryo viloyati,1710:234,Muborak tumani,Мубарекский район,110,1813.0,1710234,Мубарекский район,1710234,Muborak tumani
7c109b92-03c5-48a3-8f77-f4ae70f12ef2,adc9cf99-7810-49aa-9509-617c4f240c7f,18:07:00,1710,Qashqadaryo viloyati,1710:235,Nishon tumani,Нишанский район,116,1810.0,1710235,Нишанский район,1710235,Nishon tumani
f22bc4d5-69d6-4af2-beca-b81bf1c297b9,adc9cf99-7810-49aa-9509-617c4f240c7f,18:09:00,1710,Qashqadaryo viloyati,1710:242,Chiroqchi tumani,Чиракчинский район ,182,1801.0,1710242,Чиракчинский район,1710242,Chiroqchi tumani
5ff77d27-efcb-4516-89b6-8a79b1c23697,adc9cf99-7810-49aa-9509-617c4f240c7f,18:10:00,1710,Qashqadaryo viloyati,1710:245,Shahrisabz tumani,Шахрисабзский район,187,1803.0,1710245,Шахрисабзский район,1710245,Shahrisabz tumani
8d1d4fd1-9b8a-4e88-b88b-16d3d3064d00,adc9cf99-7810-49aa-9509-617c4f240c7f,18:11:00,1710,Qashqadaryo viloyati,1710:250,Yakkabog‘ tumani,Яккабагский район ,197,1806.0,1710250,Яккабагский район,1710250,Yakkabog‘ tumani
065694cf-36ad-4be8-b3f6-5478652d09c2,e33c7e49-f4f8-4269-a5d4-8952bd54f57a,19:09:00,1722,Surxondaryo viloyati,1722:201,Oltinsoy tumani,Алтынсайский район,128,1907.0,1722201,Алтынсайский район,1722201,Oltinsoy tumani
b5152401-d3bb-4e38-bf98-a90dd4cf08ef,e33c7e49-f4f8-4269-a5d4-8952bd54f57a,19:01:00,1722,Surxondaryo viloyati,1722:202,Angor tumani,Ангорский район,33,1911.0,1722202,Ангорский район,1722202,Angor tumani
b11cb5a9-402a-4adf-87cd-7b1c4f5eae86,e33c7e49-f4f8-4269-a5d4-8952bd54f57a,19:03:00,1722,Surxondaryo viloyati,1722:204,Boysun tumani,Байсунский район,47,1902.0,1722204,Байсунский район,1722204,Boysun tumani
7e210f87-6e28-48ea-918b-4cbf6c760f1f,e33c7e49-f4f8-4269-a5d4-8952bd54f57a,19:02:00,1722,Surxondaryo viloyati,1722:203,Bandixon tumani,Бандиханский район ,39,1915.0,1722203,Бандиханский район,1722203,Bandixon tumani
afce498d-9d2e-42b7-9237-8270cd49ea98,e33c7e49-f4f8-4269-a5d4-8952bd54f57a,19:15:00,1722,Surxondaryo viloyati,1722:401,Termiz shahri,Город Термез ,18,1916.0,1722401,город Термез,1722401,Termiz shahri
6aefa36e-218f-469a-8a94-fe3c9ad97d3b,e33c7e49-f4f8-4269-a5d4-8952bd54f57a,19:04:00,1722,Surxondaryo viloyati,1722:210,Denov tumani,Денауский район,63,1914.0,1722210,Денауский район,1722210,Denov tumani
5a6615f9-13c7-4f27-ae30-f80ae6dbe71c,e33c7e49-f4f8-4269-a5d4-8952bd54f57a,19:05:00,1722,Surxondaryo viloyati,1722:212,Jarqo‘rg‘on tumani,Джаркурганский район,68,1909.0,1722212,Джаркурганский район,1722212,Jarqo‘rg‘on tumani
599d70b8-a26f-41c6-b96d-415f756cd727,e33c7e49-f4f8-4269-a5d4-8952bd54f57a,19:06:00,1722,Surxondaryo viloyati,1722:215,Qiziriq tumani,Кизирикский район ,90,1910.0,1722215,Кизирикский район,1722215,Qiziriq tumani
5b09899e-d3d9-48f7-9666-183ab2ca334f,e33c7e49-f4f8-4269-a5d4-8952bd54f57a,19:07:00,1722,Surxondaryo viloyati,1722:214,Qumqo‘rg‘on tumani,Кумкурганский район,97,1908.0,1722214,Кумкурганский район,1722214,Qumqo‘rg‘on tumani
07cdda3c-7aca-4306-806c-cb3c5fd91322,e33c7e49-f4f8-4269-a5d4-8952bd54f57a,19:08:00,1722,Surxondaryo viloyati,1722:207,Muzrabot tumani,Музрабадский район,111,1903.0,1722207,Музрабадский район,1722207,Muzrabot tumani
8266905d-590f-4cff-8cde-576ac61a02d6,e33c7e49-f4f8-4269-a5d4-8952bd54f57a,19:10:00,1722,Surxondaryo viloyati,1722:217,Sariosiyo tumani,Сариасийский район ,144,1904.0,1722217,Сариасийский район,1722217,Sariosiyo tumani
ca888eb4-0d1e-4f9c-8a0d-52c82fd7148e,e33c7e49-f4f8-4269-a5d4-8952bd54f57a,19:11:00,1722,Surxondaryo viloyati,1722:220,Termiz tumani,Термезский район,150,1901.0,1722220,Термезский район,1722220,Termiz tumani
28c5b7d9-f5db-48b8-99cf-4a3b95f09d39,e33c7e49-f4f8-4269-a5d4-8952bd54f57a,19:12:00,1722,Surxondaryo viloyati,1722:221,Uzun tumani,Узунский район,159,1913.0,1722221,Узунский район,1722221,Uzun tumani
b524d242-fc27-4210-8450-eeb174c1cb38,e33c7e49-f4f8-4269-a5d4-8952bd54f57a,19:13:00,1722,Surxondaryo viloyati,1722:223,Sherobod tumani,Шерабадский район,189,1912.0,1722223,Шерабадский район,1722223,Sherobod tumani
8f9dff08-4b56-42ef-9a5f-43d2b55fa04f,e33c7e49-f4f8-4269-a5d4-8952bd54f57a,19:14:00,1722,Surxondaryo viloyati,1722:226,Sho‘rchi tumani,Шурчинский район,193,1906.0,1722226,Шурчинский район,1722226,Sho‘rchi tumani
862be0dc-409b-4e3b-acc1-ff97db00f437,56bea03e-764e-4e04-9de0-528810177aad,20:05:00,1706,Buxoro viloyati,1706:204,Olot tumani,Алатский район,125,2004.0,1706204,Алатский район,1706204,Olot tumani
617de444-b776-4844-9a6e-d606e8ce1553,56bea03e-764e-4e04-9de0-528810177aad,20:01:00,1706,Buxoro viloyati,1706:207,Buxoro tumani,Бухарский район,55,2010.0,1706207,Бухарский район,1706207,Buxoro tumani
1e252699-d222-4198-ad4e-b56e8fce0239,56bea03e-764e-4e04-9de0-528810177aad,20:02:00,1706,Buxoro viloyati,1706:212,Vobkent tumani,Вабкентский район,56,2002.0,1706212,Вабкентский район,1706212,Vobkent tumani
1003cf36-d7da-48e1-ac3c-cece0c7d965b,56bea03e-764e-4e04-9de0-528810177aad,20:11:00,1706,Buxoro viloyati,1706:215,G‘ijduvon tumani,Гиждуванский район,58,2014.0,1706215,Гиждуванский район,1706215,G‘ijduvon tumani
3b525a75-a81e-4f45-af2e-639e6279a199,56bea03e-764e-4e04-9de0-528810177aad,20:12:00,1706,Buxoro viloyati,1706:401,Buxoro shahri,Город Бухара,3,2013.0,1706401,город Бухара,1706401,Buxoro shahri
9aad73b0-48c9-4137-b4f4-e47491dc6fad,56bea03e-764e-4e04-9de0-528810177aad,20:14:00,1706,Buxoro viloyati,1706:403,Kogon shahri,Город Каган,4,2015.0,1706403,город Каган,1706403,Kogon shahri
71e180f6-15ef-4ef1-b3e7-91a32edbda68,56bea03e-764e-4e04-9de0-528810177aad,20:03:00,1706,Buxoro viloyati,1706:246,Jondor tumani,Жондорский район ,70,2005.0,1706246,Жондорский район,1706246,Jondor tumani
0d59ca5a-d209-4fef-bf1c-09850330c284,56bea03e-764e-4e04-9de0-528810177aad,20:04:00,1706,Buxoro viloyati,1706:219,Kogon tumani,Каганский район,82,2011.0,1706219,Каганский район,1706219,Kogon tumani
bbe764b7-cec3-4d49-b218-c240cc5e23e1,56bea03e-764e-4e04-9de0-528810177aad,20:10:00,1706,Buxoro viloyati,1706:230,Qorako‘l tumani,Каракульский район,92,2006.0,1706230,Каракульский район,1706230,Qorako‘l tumani
604a1408-933f-44d9-8dd7-29d1910be95d,56bea03e-764e-4e04-9de0-528810177aad,20:09:00,1706,Buxoro viloyati,1706:232,Qorovulbozor tumani,Караулбазарский район,94,2008.0,1706232,Караулбазарский район,1706232,Qorovulbozor tumani
c48ebf8a-7656-4076-ad21-22400158362b,56bea03e-764e-4e04-9de0-528810177aad,20:06:00,1706,Buxoro viloyati,1706:240,Peshku tumani,Пешкунский район,136,2003.0,1706240,Пешкунский район,1706240,Peshku tumani
83b10d71-96e5-47f6-bb80-22e240011696,56bea03e-764e-4e04-9de0-528810177aad,10:11:00,1706,Buxoro viloyati,1706:242,Romitan tumani,Ромитанский район,140,2001.0,1706242,Ромитанский район,1706242,Romitan tumani
d6e1b19b-c671-4ae0-b478-15d89dfec396,56bea03e-764e-4e04-9de0-528810177aad,10:11:00,1706,Buxoro viloyati,1706:258,Shofirkon tumani,Шафирканский район,191,2007.0,1706258,Шафирканский район,1706258,Shofirkon tumani
46957f7e-cafc-4427-9c1a-59205e6a374d,9c6033ca-7c00-41a3-81c9-2017210e7727,21:06:00,1712,Navoiy viloyati,1712:412,G‘ozg‘on shahri,Город Газган,10,,1712412,город Газган,1712412,G‘ozg‘on shahri
dafd58f8-fb20-437d-bd07-9b1d9cd2b5a8,9c6033ca-7c00-41a3-81c9-2017210e7727,21:10:00,1712,Navoiy viloyati,1712:408,Zarafshon shahri,Город Зарафшан,11,2112.0,1712408,город Зарафшан,1712408,Zarafshon shahri
ebe8f901-2719-4f17-b160-4f3c16880853,9c6033ca-7c00-41a3-81c9-2017210e7727,21:09:00,1712,Navoiy viloyati,1712:401,Navoiy shahri,Город Навои,9,2111.0,1712401,город Навои,1712401,Navoiy shahri
1101f62e-55f8-40ca-b754-90e26cb1cc81,9c6033ca-7c00-41a3-81c9-2017210e7727,21:01:00,1712,Navoiy viloyati,1712:211,Konimex tumani,Канимехский район,83,2102.0,1712211,Канимехский район,1712211,Konimex tumani
233b4694-ef3e-45de-ba6d-1381d994ffc3,9c6033ca-7c00-41a3-81c9-2017210e7727,21:03:00,1712,Navoiy viloyati,1712:234,Karmana tumani,Карманинский район,77,2110.0,1712234,Карманинский район,1712234,Karmana tumani
7f475bd1-edb6-471c-acb8-739ffd0bf7e9,9c6033ca-7c00-41a3-81c9-2017210e7727,21:08:00,1712,Navoiy viloyati,1712:216,Qiziltepa tumani,Кызылтепинский район,89,2109.0,1712216,Кызылтепинский район,1712216,Qiziltepa tumani
c6bb9a7f-ca28-4cd6-bc1d-7c8085382a2a,9c6033ca-7c00-41a3-81c9-2017210e7727,21:02:00,1712,Navoiy viloyati,1712:230,Navbahor tumani,Навбахорский район,113,2105.0,1712230,Навбахорский район,1712230,Navbahor tumani
4686bf9a-71dc-45db-8b21-8566668197a7,9c6033ca-7c00-41a3-81c9-2017210e7727,21:04:00,1712,Navoiy viloyati,1712:238,Nurota tumani,Нуратинский район,120,2107.0,1712238,Нуратинский район,1712238,Nurota tumani
02e8699a-43c6-43e2-993b-ccdf2693ac9a,9c6033ca-7c00-41a3-81c9-2017210e7727,21:05:00,1712,Navoiy viloyati,1712:244,Tomdi tumani,Тамдынский район,152,2104.0,1712244,Тамдынский район,1712244,Tomdi tumani
21cddf7e-593f-4698-a5c3-9c7f29c5604a,9c6033ca-7c00-41a3-81c9-2017210e7727,21:11:00,1712,Navoiy viloyati,1712:248,Uchquduq tumani,Учкудукский район,166,2101.0,1712248,Учкудукский район,1712248,Uchquduq tumani
e6c4ea8a-6cd4-4018-b865-9f84ffee27d7,9c6033ca-7c00-41a3-81c9-2017210e7727,21:07:00,1712,Navoiy viloyati,1712:251,Xatirchi tumani,Хатырчинский район,172,2108.0,1712251,Хатырчинский район,1712251,Xatirchi tumani
faa37457-4d37-449b-9041-0390e8bf0ae3,9b3a75c9-b02e-478f-983c-ce269ee3cb20,22:01:00,1733,Xorazm viloyati,1733:204,Bog‘ot tumani,Багатский район,45,2207.0,1733204,Багатский район,1733204,Bog‘ot tumani
4fd5475d-bdb8-45d2-9ee9-e0c79575d479,9b3a75c9-b02e-478f-983c-ce269ee3cb20,22:11:00,1733,Xorazm viloyati,1733:401,Urganch shahri,Город Ургенч,30,2211.0,1733401,город Ургенч,1733401,Urganch shahri
8e58fc8a-7f14-4296-857d-57c928c4d74d,9b3a75c9-b02e-478f-983c-ce269ee3cb20,22:12:00,1733,Xorazm viloyati,1733:406,Xiva shahri,Город Хива,31,2212.0,1733406,город Хива,1733406,Xiva shahri
2d450aa4-17a2-4d02-95d4-3474e314bfc5,9b3a75c9-b02e-478f-983c-ce269ee3cb20,22:02:00,1733,Xorazm viloyati,1733:208,Gurlan tumani,Гурленский район ,61,2203.0,1733208,Гурленский район,1733208,Gurlan tumani
04fc6aee-b83b-4f70-b862-a4ecb81a0356,9b3a75c9-b02e-478f-983c-ce269ee3cb20,22:09:00,1733,Xorazm viloyati,1733:212,Qo‘shko‘pir tumani,Кушкупырский район,100,2209.0,1733212,Кошкупырский район,1733212,Qo‘shko‘pir tumani
8b0c815e-ee79-4cbb-a1e5-d53b8059e1cf,9b3a75c9-b02e-478f-983c-ce269ee3cb20,22:13:00,1733,Xorazm viloyati,1733:221,Tuproqqal'a tumani,Тупроккалинский район,155,739001141.0,1733221,Тупроккалинский район,1733221,Tuproqqal'a tumani
0ced8b2e-7ee1-49fa-90d3-defd188c99aa,9b3a75c9-b02e-478f-983c-ce269ee3cb20,22:11:00,1733,Xorazm viloyati,1733:217,Urganch tumani,Ургенчский район,162,2204.0,1733217,Ургенчский район,1733217,Urganch tumani
8c8c3fca-dca9-46dd-8ece-d1221b6ba9d8,9b3a75c9-b02e-478f-983c-ce269ee3cb20,22:10:00,1733,Xorazm viloyati,1733:220,Xazorasp tumani,Хазараспский район ,178,2201.0,1733220,Хазараспский район,1733220,Xazorasp tumani
59823c2f-ea36-41fd-928d-763209431137,9b3a75c9-b02e-478f-983c-ce269ee3cb20,10:11:00,1733,Xorazm viloyati,1733:223,Xonqa tumani,Ханкинский район,175,2206.0,1733223,Ханкинский район,1733223,Xonqa tumani
9fa01f40-435f-47b7-b367-022e9dc53966,9b3a75c9-b02e-478f-983c-ce269ee3cb20,22:05:00,1733,Xorazm viloyati,1733:226,Xiva tumani,Хивинский район,173,2210.0,1733226,Хивинский район,1733226,Xiva tumani
11783c9b-9122-4a5f-96d1-07324fe35d8d,9b3a75c9-b02e-478f-983c-ce269ee3cb20,22:06:00,1733,Xorazm viloyati,1733:230,Shovot tumani,Шаватский район,190,2205.0,1733230,Шаватский район,1733230,Shovot tumani
416cd0e6-64f3-406b-888f-3d1756ad3707,9b3a75c9-b02e-478f-983c-ce269ee3cb20,22:07:00,1733,Xorazm viloyati,1733:233,Yangiariq tumani,Янгиарыкский район ,199,2202.0,1733233,Янгиарыкский район,1733233,Yangiariq tumani
ef31bb3e-2ba1-4d4f-9f27-4e33ca6b17de,9b3a75c9-b02e-478f-983c-ce269ee3cb20,22:08:00,1733,Xorazm viloyati,1733:236,Yangibozor tumani,Янгибазарский район,200,2208.0,1733236,Янгибазарский район,1733236,Yangibozor tumani
c6be3c67-adf3-48db-8414-1842eaab7de0,e4d831f3-9ce3-4201-81d1-dcb5fa0ae845,23:01:00,1735,Qoraqalpog‘iston respublikasi,1735:204,Amudaryo tumani,Амударьинский район,32,2308.0,1735204,Амударьинский район,1735204,Amudaryo tumani
92d1864f-8b3a-4a14-afb8-e85dee058f32,e4d831f3-9ce3-4201-81d1-dcb5fa0ae845,23:02:00,1735,Qoraqalpog‘iston respublikasi,1735:207,Beruniy tumani,Берунийский район,43,2309.0,1735207,Берунийский район,1735207,Beruniy tumani
ce158dd6-b0e1-40c4-a9a2-273791f8077a,e4d831f3-9ce3-4201-81d1-dcb5fa0ae845,23:03:00,1735,Qoraqalpog‘iston respublikasi,1735:209,Bo‘zatov tumani,Бозатауский район,49,2315.0,1735209,Бузатауский район,1735209,Bo‘zatov tumani
465119f1-86c1-4a40-9776-790f2c5f3940,e4d831f3-9ce3-4201-81d1-dcb5fa0ae845,23:17:00,1735,Qoraqalpog‘iston respublikasi,1735:401,Nukus shahri,Город Нукус,8,2317.0,1735401,город Нукус,1735401,Nukus shahri
5c5fcc9a-991c-47c5-9223-a25ac25752d9,e4d831f3-9ce3-4201-81d1-dcb5fa0ae845,23:13:00,1735,Qoraqalpog‘iston respublikasi,1735:218,Qanliko‘l tumani,Канлыкульский район,91,2310.0,1735218,Канлыкульский район,1735218,Qanliko‘l tumani
14fd12bb-41e0-4dcf-9cd3-41cc45d7e767,e4d831f3-9ce3-4201-81d1-dcb5fa0ae845,23:14:00,1735,Qoraqalpog‘iston respublikasi,1735:211,Qorao‘zak tumani,Караузякский район,93,2316.0,1735211,Караузякский район,1735211,Qorao‘zak tumani
4f4b653c-835d-4a88-b0bb-ec1f2b8562c0,e4d831f3-9ce3-4201-81d1-dcb5fa0ae845,23:04:00,1735,Qoraqalpog‘iston respublikasi,1735:212,Kegeyli tumani,Кегейлийский район,80,2307.0,1735212,Кегейлийский район,1735212,Kegeyli tumani
b9477878-8d73-4ec7-b570-9380d0e60504,e4d831f3-9ce3-4201-81d1-dcb5fa0ae845,23:15:00,1735,Qoraqalpog‘iston respublikasi,1735:215,Qo‘ng‘irot tumani,Кунградский район,98,2302.0,1735215,Кунградский район,1735215,Qo‘ng‘irot tumani
9bb2245b-cc58-4b8b-abf8-da98f2c8d381,e4d831f3-9ce3-4201-81d1-dcb5fa0ae845,23:05:00,1735,Qoraqalpog‘iston respublikasi,1735:222,Mo‘ynoq tumani,Муйнакский район,112,2303.0,1735222,Муйнакский район,1735222,Mo‘ynoq tumani
4a23f058-1b7c-4379-b22b-9f8084a55d1d,e4d831f3-9ce3-4201-81d1-dcb5fa0ae845,23:06:00,1735,Qoraqalpog‘iston respublikasi,1735:225,Nukus tumani,Нукусский район,118,2301.0,1735225,Нукусский район,1735225,Nukus tumani
359dbee4-7cb9-44e1-af1e-3beb835b2b03,e4d831f3-9ce3-4201-81d1-dcb5fa0ae845,23:18:00,1735,Qoraqalpog‘iston respublikasi,1735:228,Taxiatosh tumani,Тахиаташский район,148,2320.0,1735228,Тахиаташский район,1735228,Taxiatosh tumani
5fb79633-5045-4413-be7b-708766335c77,e4d831f3-9ce3-4201-81d1-dcb5fa0ae845,23:07:00,1735,Qoraqalpog‘iston respublikasi,1735:230,Taxtako‘pir tumani,Тахтакупырский район,149,2313.0,1735230,Тахтакупырский район,1735230,Taxtako‘pir tumani
70af27cb-e8fc-4e58-b9b4-51cb31d0e8e6,e4d831f3-9ce3-4201-81d1-dcb5fa0ae845,10:11:00,1735,Qoraqalpog‘iston respublikasi,1735:233,To‘rtko‘l tumani,Турткульский район,157,2305.0,1735233,Турткульский район,1735233,To‘rtko‘l tumani
c4d951fe-2f96-42ad-b47c-f42058aa3737,e4d831f3-9ce3-4201-81d1-dcb5fa0ae845,10:11:00,1735,Qoraqalpog‘iston respublikasi,1735:236,Xo‘jayli tumani,Ходжейлийский район,176,2314.0,1735236,Ходжейлийский район,1735236,Xo‘jayli tumani
fe562145-81f0-42e9-9752-2b98b4a60356,e4d831f3-9ce3-4201-81d1-dcb5fa0ae845,23:10:00,1735,Qoraqalpog‘iston respublikasi,1735:240,Chimboy tumani,Чимбайский район,180,2311.0,1735240,Чимбайский район,1735240,Chimboy tumani
a437d346-2fb8-4104-b716-b0fe1816477b,e4d831f3-9ce3-4201-81d1-dcb5fa0ae845,23:11:00,1735,Qoraqalpog‘iston respublikasi,1735:243,Shumanay tumani,Шуманайский район,192,2312.0,1735243,Шуманайский район,1735243,Shumanay tumani
e05444b6-3615-43f7-aeac-b87e79e3fd7e,e4d831f3-9ce3-4201-81d1-dcb5fa0ae845,23:12:00,1735,Qoraqalpog‘iston respublikasi,1735:250,Ellikkala tumani,Элликкалинский район ,194,2306.0,1735250,Элликкалинский район,1735250,Ellikkala tumani
