uuid,name_district,parentid,soatoid,extid,ovirid,matched_name,id_district_e_hukumat,name_district_e_hukumat
355b76b4-72cf-4987-9451-e0089636940f,Алмазарский район,22af9341-ddad-48cb-b1a8-4e809f0de311,10:08:00,124,1012.0,Алмазарский район,1726280,Алмазарский район
9b84361a-9ef2-4dfe-a92b-81e8bf3c6fe6,Бектемирский район,22af9341-ddad-48cb-b1a8-4e809f0de311,10:11:00,42,1011.0,Бектемирский район,1726264,Бектемирский район
91a39eff-4da6-46c1-a87f-b8b6dee93edf,Мирабадский район,22af9341-ddad-48cb-b1a8-4e809f0de311,10:11:00,109,1009.0,Мирабадский район,1726273,Мирабадский район
fbcddd5b-24d8-477e-a632-2b1565a8f84d,Мирзо-Улугбекский район,22af9341-ddad-48cb-b1a8-4e809f0de311,10:11:00,107,1003.0,Мирзо Улугбекский район,1726269,Мирзо Улугбекский район
f2f6b40b-096d-4712-be06-e003cb4b0d2c,Сергелийский район,22af9341-ddad-48cb-b1a8-4e809f0de311,10:06:00,145,1008.0,Сергелийский район,1726283,Сергелийский район
3f28ed5d-54f0-459c-98f2-647d59c99eb7,Учтепинский район,22af9341-ddad-48cb-b1a8-4e809f0de311,10:01:00,168,1001.0,Учтепинский район,1726262,Учтепинский район
e6dc0e3e-d3d8-45bc-9b8a-27e44d201f30,Чиланзарский район,22af9341-ddad-48cb-b1a8-4e809f0de311,10:03:00,179,1007.0,Чиланзарский район,1726294,Чиланзарский район
3fef5d77-22f6-42ec-b0a9-57cc17849556,Шайхантахурский район,22af9341-ddad-48cb-b1a8-4e809f0de311,10:10:00,185,1006.0,Шайхантахурский район,1726277,Шайхантахурский район
3d253583-f088-42f3-8544-e9beb4d706a0,Юнусабадский район,22af9341-ddad-48cb-b1a8-4e809f0de311,10:11:00,196,1010.0,Юнусабадский район,1726266,Юнусабадский район
a2b6a3d4-9b31-4391-a64a-4d94c2f7049c,Яккасарайский район,22af9341-ddad-48cb-b1a8-4e809f0de311,10:11:00,198,1005.0,Яккасарайский район,1726287,Яккасарайский район
a8b05747-e559-4505-ba50-b25de0a3a001,Яшнабадский район,22af9341-ddad-48cb-b1a8-4e809f0de311,10:11:00,204,7390001080.0,Яшнабадский район,1726290,Яшнабадский район
dde7e465-f9a8-46a4-860c-0a85d1e9c52f,Аккурганский район,b7c00816-aeaa-4427-becf-d16fcd6c67ed,10:11:00,122,1106.0,Аккурганский район,1727206,Аккурганский район
5d4895b1-87ef-4d96-8354-4b74b7785237,Ахангаранский район,b7c00816-aeaa-4427-becf-d16fcd6c67ed,10:11:00,129,1110.0,Ахангаранский район,1727212,Ахангаранский район
c3443ced-b63e-4d1a-8156-f1a93d2492ad,Бекабадский район,b7c00816-aeaa-4427-becf-d16fcd6c67ed,10:11:00,41,1111.0,Бекабадский район,1727220,Бекабадский район
7ee99479-602e-49eb-b08a-21454a6bbe32,Бостанлыкский район,b7c00816-aeaa-4427-becf-d16fcd6c67ed,10:11:00,54,1112.0,Бостанлыкский район,1727224,Бостанлыкский район
0edd3090-286b-447e-8e75-189d1401f966,Букинский район,b7c00816-aeaa-4427-becf-d16fcd6c67ed,10:11:00,50,1113.0,Букинский район,1727228,Букинский район
a5fc99b3-16e5-4e60-8240-f5bff529fdb3,Город Алмалык,b7c00816-aeaa-4427-becf-d16fcd6c67ed,11:18:00,22,1118.0,город Алмалык,1727404,город Алмалык
8dc90479-ab95-40f3-87c9-dbf8a3288eb4,Город Ангрен,b7c00816-aeaa-4427-becf-d16fcd6c67ed,10:11:00,19,1116.0,город Ангрен,1727407,город Ангрен
102129ad-d8c9-4ca4-8ec9-c2e35c099c01,Город Ахангаран,b7c00816-aeaa-4427-becf-d16fcd6c67ed,11:19:00,23,739001121.0,город Ахангаран,1727415,город Ахангаран
e1988588-5361-41d9-b283-08c14537adea,Город Бекабад,b7c00816-aeaa-4427-becf-d16fcd6c67ed,10:11:00,20,1214.0,город Бекабад,1727413,город Бекабад
e97eb8c4-9172-40b5-af85-d2f72e6dd295,Город Нурафшан,b7c00816-aeaa-4427-becf-d16fcd6c67ed,10:11:00,21,739001120.0,город Нурафшон,1727401,город Нурафшон
cd9e404d-1b94-4c80-b633-1c0e04dfbd81,Город Чирчик,b7c00816-aeaa-4427-becf-d16fcd6c67ed,10:11:00,24,1120.0,город Чирчик,1727419,город Чирчик
6f2e94a0-7fe5-49b1-bd46-dd149d784b64,Город Янгиюль,b7c00816-aeaa-4427-becf-d16fcd6c67ed,10:11:00,25,1122.0,город Янгиюль,1727424,город Янгиюль
db14aeee-6061-415f-ad23-834daad4854e,Зангиатинский район,b7c00816-aeaa-4427-becf-d16fcd6c67ed,10:11:00,71,1102.0,Зангиатинский район,1727237,Зангиатинский район
097c3c6c-23b0-44b7-960b-6fd0c0ff9fc6,Кибрайский район,b7c00816-aeaa-4427-becf-d16fcd6c67ed,10:11:00,88,1108.0,Кибрайский район,1727248,Кибрайский район
f3a2d9be-a112-49af-a974-c1c2ed78dd30,Куйичирчикский район,b7c00816-aeaa-4427-becf-d16fcd6c67ed,10:11:00,96,1107.0,Куйичирчикский район,1727233,Куйичирчикский район
16f8c799-3110-486d-b23c-505d4c3336f9,Паркентский район,b7c00816-aeaa-4427-becf-d16fcd6c67ed,10:11:00,131,1104.0,Паркентский район,1727249,Паркентский район
1f21771e-080c-4c3c-a3d0-1e4d2bc69350,Пскентский район,b7c00816-aeaa-4427-becf-d16fcd6c67ed,10:11:00,137,1103.0,Пскентский район,1727250,Пскентский район
a876eb01-6f3d-4c41-b493-fcb08fa70437,Ташкентский район,b7c00816-aeaa-4427-becf-d16fcd6c67ed,10:11:00,153,1109.0,Ташкентский район,1727265,Ташкентский район
18c7abbc-6f5f-44a9-9efa-c9b717af121a,Уртачирчикский район,b7c00816-aeaa-4427-becf-d16fcd6c67ed,10:11:00,164,1105.0,Уртачирчикский район,1727253,Уртачирчикский район
f12b585c-a71f-4f8b-98ae-d95c3472b1a3,Чиназский район,b7c00816-aeaa-4427-becf-d16fcd6c67ed,11:13:00,181,1115.0,Чиназский район,1727256,Чиназский район
f65aadb0-c033-4a73-8973-409b00e84d8e,Юкоричирчикский район,b7c00816-aeaa-4427-becf-d16fcd6c67ed,11:14:00,195,1114.0,Юкоричирчикский район,1727239,Юкоричирчикский район
96d6e009-3778-44e2-8012-5f51aed78884,Янгиюльский район,b7c00816-aeaa-4427-becf-d16fcd6c67ed,11:15:00,201,1101.0,Янгиюльский район,1727259,Янгиюльский район
5fb8eafc-3007-4d7a-930e-f8a963dca74b,Акалтынский район,35f5f075-5766-414c-8d81-ca88faa099af,12:04:00,123,1207.0,Акалтынский район,1724206,Акалтынский район
731d1438-1331-4126-9064-b2c4f7a7c8ba,Баяутский район,35f5f075-5766-414c-8d81-ca88faa099af,10:11:00,46,1203.0,Баяутский район,1724212,Баяутский район
68f80815-50c3-4b83-b7e8-83db3475c088,Город Гулистан,35f5f075-5766-414c-8d81-ca88faa099af,10:11:00,15,1210.0,город Гулистан,1724401,город Гулистан
58ed5982-1be4-4007-9844-c4657572b396,Город Ширин,35f5f075-5766-414c-8d81-ca88faa099af,10:11:00,16,1212.0,город Ширин,1724410,город Ширин
ed0ca5d6-2e13-4691-bded-f96cc1e8ed52,Город Янгиер,35f5f075-5766-414c-8d81-ca88faa099af,10:11:00,17,1213.0,город Янгиер,1724413,город Янгиер
53ce6821-86b9-47ac-9ac2-ca058be6413e,Гулистанский район,35f5f075-5766-414c-8d81-ca88faa099af,10:11:00,60,1202.0,Гулистанский район,1724220,Гулистанский район
72dbf28d-4b14-4ade-849e-3b120528e247,Мирзаабадский район ,35f5f075-5766-414c-8d81-ca88faa099af,12:03:00,105,1206.0,Мирзаабадский район,1724228,Мирзаабадский район
95af732a-679c-4761-b382-486c020c0af8,Сайхунабадский район,35f5f075-5766-414c-8d81-ca88faa099af,12:06:00,141,1201.0,Сайхунабадский район,1724216,Сайхунабадский район
1f36f56e-6c19-478a-8a0b-f34f357ca938,Сардобинский район,35f5f075-5766-414c-8d81-ca88faa099af,12:05:00,143,1215.0,Сардобинский район,1724226,Сардобинский район
0e137bea-80f3-4e2f-89a3-660ea973a762,Сырдарьинский район,35f5f075-5766-414c-8d81-ca88faa099af,12:07:00,146,1209.0,Сырдарьинский район,1724231,Сырдарьинский район
79463f0f-226a-439a-a2ea-6f604aaf2ed4,Хавастский район,35f5f075-5766-414c-8d81-ca88faa099af,12:08:00,174,1205.0,Хавастский район,1724235,Хавастский район
d4019b5d-f669-4cc8-860b-fce24cac0540,Арнасайский район,e1e75f54-0d2d-42d4-993d-0f69c64b8d15,13:01:00,35,1310.0,Арнасайский район,1708201,Арнасайский район
c570124f-9888-4d13-a71a-54d12c6c2e63,Бахмальский район,e1e75f54-0d2d-42d4-993d-0f69c64b8d15,13:02:00,40,1307.0,Бахмальский район,1708204,Бахмальский район
337f883e-bffa-4cbc-9bfc-2a8cc67bb657,Галляаральский район,e1e75f54-0d2d-42d4-993d-0f69c64b8d15,13:03:00,57,1306.0,Галляаральский район,1708209,Галляаральский район
0bfb2e77-26aa-4ae3-b595-b4417f1b606f,Город Джизак,e1e75f54-0d2d-42d4-993d-0f69c64b8d15,13:13:00,5,1314.0,город Джизак,1708401,город Джизак
605219d2-500b-4509-adf5-7da65ac57f00,Дустликский район,e1e75f54-0d2d-42d4-993d-0f69c64b8d15,13:05:00,65,1302.0,Дустликский район,1708215,Дустликский район
7552fbe4-d7ef-4c8c-91e7-71a9c48fde91,Зааминский район,e1e75f54-0d2d-42d4-993d-0f69c64b8d15,13:08:00,74,1311.0,Заминский район,1708218,Заминский район
33e9017d-21e5-4ba9-9ccc-434d1822b3db,Зарбдарский район,e1e75f54-0d2d-42d4-993d-0f69c64b8d15,13:06:00,72,1301.0,Зарбдорский район,1708220,Зарбдорский район
3a50300b-dd93-416d-bce0-06e545231588,Зафарабадский район,e1e75f54-0d2d-42d4-993d-0f69c64b8d15,13:07:00,73,1309.0,Зафарабадский район,1708225,Зафарабадский район
86bd625a-9a3f-4ea7-99b2-bf87df0029f6,Мирзачульский район,e1e75f54-0d2d-42d4-993d-0f69c64b8d15,13:09:00,106,1312.0,Мирзачульский район,1708223,Мирзачульский район
30976eae-7d8b-4191-b628-734d3637cd6e,Пахтакорский район,e1e75f54-0d2d-42d4-993d-0f69c64b8d15,13:10:00,133,1308.0,Пахтакорский район,1708228,Пахтакорский район
70d4330c-cc2a-49e1-847f-d88155ae88ba,Фаришский район,e1e75f54-0d2d-42d4-993d-0f69c64b8d15,13:11:00,170,1304.0,Фаришский район,1708235,Фаришский район
8d929b73-ce6c-4942-bb2d-ef1c8f292788,Шараф-Рашидовский район ,e1e75f54-0d2d-42d4-993d-0f69c64b8d15,13:04:00,186,739001100.0,Шароф Рашидовский район,1708212,Шароф Рашидовский район
68348346-1475-43eb-b217-8f50d6c376c1,Янгиабадский район,e1e75f54-0d2d-42d4-993d-0f69c64b8d15,13:12:00,203,1313.0,Янгиабадский район,1708237,Янгиабадский район
d08c5ed5-7b70-40a4-92f1-594979a21a35,Акдарьинский район,b0ec35e2-4b94-4e04-b5b8-f786de08d855,14:08:00,121,1407.0,Акдарьинский район,1718203,Акдарьинский район
5b22c6db-d73b-49c2-8d0d-3e5fdd300b56,Булунгурский район,b0ec35e2-4b94-4e04-b5b8-f786de08d855,14:01:00,52,1411.0,Булунгурский район,1718206,Булунгурский район
242dd7eb-88e0-40a2-b808-a4b5cd44edb3,Город Каттакурган,b0ec35e2-4b94-4e04-b5b8-f786de08d855,14:15:00,13,1412.0,город Каттакурган,1718406,город Каттакурган
6dbe93fe-856a-4e42-a4ab-02e0bfa937cd,Город Самарканд,b0ec35e2-4b94-4e04-b5b8-f786de08d855,14:16:00,14,1417.0,город Самарканд,1718401,город Самарканд
0d734808-3bfd-4cce-8b04-12e8e08efa6d,Джамбайский район ,b0ec35e2-4b94-4e04-b5b8-f786de08d855,14:02:00,69,1403.0,Джамбайский район,1718209,Джамбайский район
354c7c3e-c410-4d28-a969-561badb26550,Иштыханский район ,b0ec35e2-4b94-4e04-b5b8-f786de08d855,14:03:00,76,1408.0,Иштыханский район,1718212,Иштыханский район
ee5a1682-ac2e-4da3-a083-2de025eda114,Каттакурганский район,b0ec35e2-4b94-4e04-b5b8-f786de08d855,14:05:00,79,1406.0,Каттакурганский район,1718215,Каттакурганский район
1afb010c-0f4d-4992-8f28-f1238817fecd,Кошрабадский район,b0ec35e2-4b94-4e04-b5b8-f786de08d855,14:04:00,101,1414.0,Кошрабадский район,1718216,Кошрабадский район
341c6d15-3fff-4dc6-bed3-03caeec16688,Нарпайский район,b0ec35e2-4b94-4e04-b5b8-f786de08d855,14:06:00,115,1401.0,Нарпайский район,1718218,Нарпайский район
71118d54-db55-4561-a51d-baac4c373caa,Нурабадский район,b0ec35e2-4b94-4e04-b5b8-f786de08d855,14:07:00,119,1402.0,Нурабадский район,1718235,Нурабадский район
899afc8b-6a13-4e9f-bcf2-fa6487da3374,Пайарыкский район,b0ec35e2-4b94-4e04-b5b8-f786de08d855,14:09:00,130,1415.0,Пайарыкский район,1718224,Пайарыкский район
393bdae2-61fc-422b-a0aa-4eab49f6b170,Пастдаргомский район,b0ec35e2-4b94-4e04-b5b8-f786de08d855,14:10:00,132,1409.0,Пастдаргомский район,1718227,Пастдаргомский район
3201e3c2-9355-460e-b456-4d878a99922f,Пахтачийский район,b0ec35e2-4b94-4e04-b5b8-f786de08d855,14:11:00,135,1405.0,Пахтачийский район,1718230,Пахтачийский район
379f2b6b-97c3-4e3b-b5e2-2a0934e535a9,Самаркандский район,b0ec35e2-4b94-4e04-b5b8-f786de08d855,14:12:00,142,1413.0,Самаркандский район,1718233,Самаркандский район
56bb9761-20c5-4fcb-bf39-169e21efb420,Тайлакский район,b0ec35e2-4b94-4e04-b5b8-f786de08d855,14:13:00,151,1410.0,Тайлакский район,1718238,Тайлакский район
2bcc34c9-1a42-4848-a414-4af4f4537329,Ургутский район,b0ec35e2-4b94-4e04-b5b8-f786de08d855,14:14:00,163,1404.0,Ургутский район,1718236,Ургутский район
ca2a5a78-8d1a-4441-9cc1-407e34f1b797,Алтыарыкский район,405cf1cd-7a93-4443-8970-99d9264ccc1a,15:07:00,126,1507.0,Алтыарыкский район,1730203,Алтыарыкский район
12d712cd-776e-4f13-bb48-c50fafa5683f,Багдадский район,405cf1cd-7a93-4443-8970-99d9264ccc1a,15:01:00,37,1508.0,Багдадский район,1730209,Багдадский район
eb6c7593-fa56-4a19-9fd9-cdd088ac7ef8,Бешарыкский район,405cf1cd-7a93-4443-8970-99d9264ccc1a,15:02:00,44,1515.0,Бешарыкский район,1730215,Бешарыкский район
972f6bdf-ea00-4f60-8b54-a536ec022b8f,Бувайдинский район,405cf1cd-7a93-4443-8970-99d9264ccc1a,15:03:00,48,1509.0,Бувайдинский район,1730212,Бувайдинский район
fd2534e1-0cb0-4871-88d6-a5362826f5dd,Город Коканд,405cf1cd-7a93-4443-8970-99d9264ccc1a,15:16:00,27,1519.0,город Коканд,1730405,город Коканд
59c91cea-8d95-4db1-8db4-4bc13445cbe5,Город Кувасай,405cf1cd-7a93-4443-8970-99d9264ccc1a,15:18:00,26,1517.0,город Кувасай,1730408,город Кувасай
cf6c9071-565f-42d8-b826-1ac34f68b2a9,Город Маргилан,405cf1cd-7a93-4443-8970-99d9264ccc1a,15:19:00,28,1520.0,город Маргилан,1730412,город Маргилан
28350f04-96c2-4438-98c7-5425d80d2e51,Город Фергана,405cf1cd-7a93-4443-8970-99d9264ccc1a,15:20:00,29,1521.0,город Фергана,1730401,город Фергана
959499f7-ef9e-47f8-b39e-d8971d3eee82,Дангаринский район,405cf1cd-7a93-4443-8970-99d9264ccc1a,15:04:00,62,1512.0,Дангаринский район,1730236,Дангаринский район
ef7b0e3a-a5d3-49fd-bafe-325d82e0c59a,Кувинский район,405cf1cd-7a93-4443-8970-99d9264ccc1a,15:06:00,95,1503.0,Кувинский район,1730218,Кувинский район
dec74464-4d47-4d8c-a32b-7ffb1be03656,Куштепинский район,405cf1cd-7a93-4443-8970-99d9264ccc1a,15:08:00,102,2434.0,Куштепинский район,1730206,Куштепинский район
b8c01b8d-8f15-43cf-93e8-b358f71e97e8,Риштанский район,405cf1cd-7a93-4443-8970-99d9264ccc1a,15:07:00,139,1511.0,Риштанский район,1730224,Риштанский район
f89339f8-6978-438b-9e19-6fac300d1ced,Сохский район,405cf1cd-7a93-4443-8970-99d9264ccc1a,15:10:00,147,1516.0,Сохский район,1730226,Сохский район
8cdd2405-a03c-4e12-9fd3-06969ba604e9,Ташлакский район,405cf1cd-7a93-4443-8970-99d9264ccc1a,15:11:00,154,1504.0,Ташлакский район,1730227,Ташлакский район
109286e8-19d7-4927-9465-3f952eba0808,Узбекистанский район,405cf1cd-7a93-4443-8970-99d9264ccc1a,15:15:00,158,1514.0,Узбекистанский район,1730230,Узбекистанский район
cc4e0460-bb90-4aaf-8e69-4563aa2ef115,Учкуприкский район,405cf1cd-7a93-4443-8970-99d9264ccc1a,15:12:00,165,1510.0,Учкуприкский район,1730221,Учкуприкский район
906b0286-8b38-4327-9010-7d96687bd56b,Ферганский район,405cf1cd-7a93-4443-8970-99d9264ccc1a,15:13:00,169,1502.0,Ферганский район,1730233,Ферганский район
e468cb20-b7b9-490d-8988-8f6eeb6fb7e1,Фуркатский район,405cf1cd-7a93-4443-8970-99d9264ccc1a,15:14:00,171,1513.0,Фуркатский район,1730238,Фуркатский район
cd21a0cd-f47f-43c9-b7f4-7bece9d165b0,Язъяванский район,405cf1cd-7a93-4443-8970-99d9264ccc1a,15:05:00,66,1506.0,Язъяванский район,1730242,Язъяванский район
2032df1b-12b3-4d13-9959-c3ae243c7829,Город Наманган ,3edbada6-7d3f-4291-a003-61b9d82f9496,16:12:00,12,1613.0,город Наманган,1714401,город Наманган
5d442a5a-1f1d-43b5-929c-e076d085bebf,Касансайский район,3edbada6-7d3f-4291-a003-61b9d82f9496,16:01:00,85,1614.0,Касансайский район,1714207,Касансайский район
9bb684e7-57da-43ea-8e56-0888ab866f9a,Мингбулакский район,3edbada6-7d3f-4291-a003-61b9d82f9496,16:02:00,104,1602.0,Мингбулакский район,1714204,Мингбулакский район
b6226b9f-96b8-4f77-90c5-813782a37676,Наманганский район,3edbada6-7d3f-4291-a003-61b9d82f9496,16:03:00,114,1603.0,Наманганский район,1714212,Наманганский район
84ad2aba-5cff-405d-aca3-939c20e12322,Нарынский район,3edbada6-7d3f-4291-a003-61b9d82f9496,16:04:00,117,1604.0,Нарынский район,1714216,Нарынский район
ebe9cdf9-bea3-4305-a9d4-6021c5011a0f,Папский район,3edbada6-7d3f-4291-a003-61b9d82f9496,16:05:00,138,1611.0,Папский район,1714219,Папский район
f6e0621a-5f0f-48cc-b898-2e4e25c507e3,Туракурганский район,3edbada6-7d3f-4291-a003-61b9d82f9496,16:06:00,156,1612.0,Туракурганский район,1714224,Туракурганский район
01c4dfed-3e9e-4836-8a1c-5c40976c1410,Уйчинский район,3edbada6-7d3f-4291-a003-61b9d82f9496,16:07:00,160,1605.0,Уйчинский район,1714229,Уйчинский район
fd6d334d-3ca2-4647-8513-8add1d86e9df,Учкурганский район,3edbada6-7d3f-4291-a003-61b9d82f9496,16:08:00,167,1606.0,Учкурганский район,1714234,Учкурганский район
843d25f7-f81d-45b1-b23c-ab5701ce46ee,Чартакский район,3edbada6-7d3f-4291-a003-61b9d82f9496,16:09:00,183,1607.0,Чартакский район,1714236,Чартакский район
87f4f437-3652-4c87-bb83-9fb6d644b5da,Чустский район,3edbada6-7d3f-4291-a003-61b9d82f9496,16:10:00,184,1610.0,Чустский район,1714237,Чустский район
d6c25f0f-7959-42e1-b948-1db7b8800194,Янгикурганский район,3edbada6-7d3f-4291-a003-61b9d82f9496,16:11:00,202,1608.0,Янгикурганский район,1714242,Янгикурганский район
2e463a3f-b098-4bb0-bf1b-0c361ae96eb8,Алтынкульский район,827c5de0-cd06-445b-96c2-3067b1927069,17:09:00,127,1702.0,Алтынкульский район,1703202,Алтынкульский район
0ee03fcb-7f42-4303-b7bc-399290f54d46,Андижанский район,827c5de0-cd06-445b-96c2-3067b1927069,17:01:00,34,1701.0,Андижанский район,1703203,Андижанский район
a992ca94-c6b6-4152-b9e9-6ee5cbae7ee3,Асакинский район,827c5de0-cd06-445b-96c2-3067b1927069,17:02:00,36,1703.0,Асакинский район,1703224,Асакинский район
4e17c9d9-7ad6-47bf-a521-d2d07f52bb02,Балыкчинский район,827c5de0-cd06-445b-96c2-3067b1927069,17:03:00,38,1704.0,Балыкчинский район,1703206,Балыкчинский район
5a5f3b7a-4f65-4dc8-8743-213625a86f1b,Булакбашинский район ,827c5de0-cd06-445b-96c2-3067b1927069,17:04:00,51,1713.0,Булакбашинский район,1703210,Булакбашинский район
1f7100ab-a196-4e05-9cc8-19503fcfad71,Бустанский район,827c5de0-cd06-445b-96c2-3067b1927069,17:05:00,53,739001140.0,Гулистанский район,1724220,Гулистанский район
b1492860-ba46-4062-b797-bb050d6b5cda,Город Андижан,827c5de0-cd06-445b-96c2-3067b1927069,17:15:00,1,1715.0,город Андижан,1703401,город Андижан
365a16e0-b452-4c05-939f-5b7101d731ba,Город Ханабад,827c5de0-cd06-445b-96c2-3067b1927069,17:17:00,2,1717.0,город Ханабад,1703408,город Ханабад
a87579a1-1bc6-4ff3-ac24-3e6213e9def6,Джалакудукский район,827c5de0-cd06-445b-96c2-3067b1927069,17:06:00,67,1709.0,Жалакудукский район,1703211,Жалакудукский район
f6545a94-7ec2-45d3-9b3f-690bbccf94f4,Избасканский район,827c5de0-cd06-445b-96c2-3067b1927069,17:07:00,75,1712.0,Избасканский район,1703214,Избасканский район
96a583ad-4859-4f2c-be11-931f7c6d4693,Кургантепинский район,827c5de0-cd06-445b-96c2-3067b1927069,17:14:00,99,1708.0,Кургантепинский район,1703220,Кургантепинский район
640888ba-164f-4ef1-bcfd-b395283f2d71,Мархаматский район,827c5de0-cd06-445b-96c2-3067b1927069,17:08:00,103,1711.0,Мархаматский район,1703227,Мархаматский район
a8a9e598-8562-4dbc-8716-3b92825019f6,Пахтаабадский район,827c5de0-cd06-445b-96c2-3067b1927069,17:10:00,134,1714.0,Пахтаабадский район,1703232,Пахтаабадский район
157e5a86-59a2-4011-b88f-57b908fbff9c,Улугнорский район,827c5de0-cd06-445b-96c2-3067b1927069,17:11:00,161,1706.0,Улугнорский район,1703217,Улугнорский район
485ca638-4f10-421f-bc31-e044cfad9f07,Ходжаабадский район,827c5de0-cd06-445b-96c2-3067b1927069,17:12:00,177,1710.0,Ходжаабадский район,1703236,Ходжаабадский район
7be0f1f4-18f0-4779-a01e-0333bdf75c68,Шахриханский район,827c5de0-cd06-445b-96c2-3067b1927069,17:13:00,188,1718.0,Шахриханский район,1703230,Шахриханский район
b2fac87f-a8ab-4ddd-9e38-6c47cd429fc9,Город Карши,adc9cf99-7810-49aa-9509-617c4f240c7f,18:15:00,6,1815.0,город Карши,1710401,город Карши
25dc50d1-a346-4c54-879a-7aecbbc774ac,Город Шахрисабз ,adc9cf99-7810-49aa-9509-617c4f240c7f,18:16:00,7,1816.0,город Шахрисабз,1710405,город Шахрисабз
049216c4-fe72-4ae4-af07-8bfb541069df,Гузарский район,adc9cf99-7810-49aa-9509-617c4f240c7f,18:14:00,59,1808.0,Гузарский район,1710207,Гузарский район
5d1f43aa-2b3b-407a-bc91-b9368f3f845a,Дехканабадский район,adc9cf99-7810-49aa-9509-617c4f240c7f,18:02:00,64,1804.0,Дехканабадский район,1710212,Дехканабадский район
6bec0352-d436-4c08-8ae6-d627483ffae7,Камашинский район,adc9cf99-7810-49aa-9509-617c4f240c7f,18:12:00,86,1805.0,Камашинский район,1710220,Камашинский район
9ef8084b-efde-4ff8-8ab5-190e77ada157,Каршинский район,adc9cf99-7810-49aa-9509-617c4f240c7f,18:13:00,87,1809.0,Каршинский район,1710224,Каршинский район
6fcde32f-0284-43e7-839f-8bddad4371ae,Касансайский район,adc9cf99-7810-49aa-9509-617c4f240c7f,18:05:00,84,1802.0,Касансайский район,1714207,Касансайский район
6a7854a6-a98c-494c-881d-4dee0c1dec47,Касбийский район ,adc9cf99-7810-49aa-9509-617c4f240c7f,18:03:00,78,1812.0,Касбинский район,1710237,Касбинский район
482e7eb6-7942-4820-8724-f8345f017f9f,Китабский район,adc9cf99-7810-49aa-9509-617c4f240c7f,18:04:00,81,1811.0,Китабский район,1710232,Китабский район
c44af74e-c5cb-487a-b486-f0e94c150b0d,Миришкорский район,adc9cf99-7810-49aa-9509-617c4f240c7f,18:01:00,108,1814.0,Миришкорский район,1710233,Миришкорский район
52d2a9c4-76a2-422a-a529-93afa53be155,Мубарекский район,adc9cf99-7810-49aa-9509-617c4f240c7f,18:06:00,110,1813.0,Мубарекский район,1710234,Мубарекский район
7c109b92-03c5-48a3-8f77-f4ae70f12ef2,Нишанский район,adc9cf99-7810-49aa-9509-617c4f240c7f,18:07:00,116,1810.0,Нишанский район,1710235,Нишанский район
f22bc4d5-69d6-4af2-beca-b81bf1c297b9,Чиракчинский район ,adc9cf99-7810-49aa-9509-617c4f240c7f,18:09:00,182,1801.0,Чиракчинский район,1710242,Чиракчинский район
5ff77d27-efcb-4516-89b6-8a79b1c23697,Шахрисабзский район,adc9cf99-7810-49aa-9509-617c4f240c7f,18:10:00,187,1803.0,Шахрисабзский район,1710245,Шахрисабзский район
8d1d4fd1-9b8a-4e88-b88b-16d3d3064d00,Яккабагский район ,adc9cf99-7810-49aa-9509-617c4f240c7f,18:11:00,197,1806.0,Яккабагский район,1710250,Яккабагский район
065694cf-36ad-4be8-b3f6-5478652d09c2,Алтынсайский район,e33c7e49-f4f8-4269-a5d4-8952bd54f57a,19:09:00,128,1907.0,Алтынсайский район,1722201,Алтынсайский район
b5152401-d3bb-4e38-bf98-a90dd4cf08ef,Ангорский район,e33c7e49-f4f8-4269-a5d4-8952bd54f57a,19:01:00,33,1911.0,Ангорский район,1722202,Ангорский район
b11cb5a9-402a-4adf-87cd-7b1c4f5eae86,Байсунский район,e33c7e49-f4f8-4269-a5d4-8952bd54f57a,19:03:00,47,1902.0,Байсунский район,1722204,Байсунский район
7e210f87-6e28-48ea-918b-4cbf6c760f1f,Бандиханский район ,e33c7e49-f4f8-4269-a5d4-8952bd54f57a,19:02:00,39,1915.0,Бандиханский район,1722203,Бандиханский район
afce498d-9d2e-42b7-9237-8270cd49ea98,Город Термез ,e33c7e49-f4f8-4269-a5d4-8952bd54f57a,19:15:00,18,1916.0,город Термез,1722401,город Термез
6aefa36e-218f-469a-8a94-fe3c9ad97d3b,Денауский район,e33c7e49-f4f8-4269-a5d4-8952bd54f57a,19:04:00,63,1914.0,Денауский район,1722210,Денауский район
5a6615f9-13c7-4f27-ae30-f80ae6dbe71c,Джаркурганский район,e33c7e49-f4f8-4269-a5d4-8952bd54f57a,19:05:00,68,1909.0,Джаркурганский район,1722212,Джаркурганский район
599d70b8-a26f-41c6-b96d-415f756cd727,Кизирикский район ,e33c7e49-f4f8-4269-a5d4-8952bd54f57a,19:06:00,90,1910.0,Кизирикский район,1722215,Кизирикский район
5b09899e-d3d9-48f7-9666-183ab2ca334f,Кумкурганский район,e33c7e49-f4f8-4269-a5d4-8952bd54f57a,19:07:00,97,1908.0,Кумкурганский район,1722214,Кумкурганский район
07cdda3c-7aca-4306-806c-cb3c5fd91322,Музрабадский район,e33c7e49-f4f8-4269-a5d4-8952bd54f57a,19:08:00,111,1903.0,Музрабадский район,1722207,Музрабадский район
8266905d-590f-4cff-8cde-576ac61a02d6,Сариасийский район ,e33c7e49-f4f8-4269-a5d4-8952bd54f57a,19:10:00,144,1904.0,Сариасийский район,1722217,Сариасийский район
ca888eb4-0d1e-4f9c-8a0d-52c82fd7148e,Термезский район,e33c7e49-f4f8-4269-a5d4-8952bd54f57a,19:11:00,150,1901.0,Термезский район,1722220,Термезский район
28c5b7d9-f5db-48b8-99cf-4a3b95f09d39,Узунский район,e33c7e49-f4f8-4269-a5d4-8952bd54f57a,19:12:00,159,1913.0,Узунский район,1722221,Узунский район
b524d242-fc27-4210-8450-eeb174c1cb38,Шерабадский район,e33c7e49-f4f8-4269-a5d4-8952bd54f57a,19:13:00,189,1912.0,Шерабадский район,1722223,Шерабадский район
8f9dff08-4b56-42ef-9a5f-43d2b55fa04f,Шурчинский район,e33c7e49-f4f8-4269-a5d4-8952bd54f57a,19:14:00,193,1906.0,Шурчинский район,1722226,Шурчинский район
862be0dc-409b-4e3b-acc1-ff97db00f437,Алатский район,56bea03e-764e-4e04-9de0-528810177aad,20:05:00,125,2004.0,Алатский район,1706204,Алатский район
617de444-b776-4844-9a6e-d606e8ce1553,Бухарский район,56bea03e-764e-4e04-9de0-528810177aad,20:01:00,55,2010.0,Бухарский район,1706207,Бухарский район
1e252699-d222-4198-ad4e-b56e8fce0239,Вабкентский район,56bea03e-764e-4e04-9de0-528810177aad,20:02:00,56,2002.0,Вабкентский район,1706212,Вабкентский район
1003cf36-d7da-48e1-ac3c-cece0c7d965b,Гиждуванский район,56bea03e-764e-4e04-9de0-528810177aad,20:11:00,58,2014.0,Гиждуванский район,1706215,Гиждуванский район
3b525a75-a81e-4f45-af2e-639e6279a199,Город Бухара,56bea03e-764e-4e04-9de0-528810177aad,20:12:00,3,2013.0,город Бухара,1706401,город Бухара
9aad73b0-48c9-4137-b4f4-e47491dc6fad,Город Каган,56bea03e-764e-4e04-9de0-528810177aad,20:14:00,4,2015.0,город Каган,1706403,город Каган
71e180f6-15ef-4ef1-b3e7-91a32edbda68,Жондорский район ,56bea03e-764e-4e04-9de0-528810177aad,20:03:00,70,2005.0,Жондорский район,1706246,Жондорский район
0d59ca5a-d209-4fef-bf1c-09850330c284,Каганский район,56bea03e-764e-4e04-9de0-528810177aad,20:04:00,82,2011.0,Каганский район,1706219,Каганский район
bbe764b7-cec3-4d49-b218-c240cc5e23e1,Каракульский район,56bea03e-764e-4e04-9de0-528810177aad,20:10:00,92,2006.0,Каракульский район,1706230,Каракульский район
604a1408-933f-44d9-8dd7-29d1910be95d,Караулбазарский район,56bea03e-764e-4e04-9de0-528810177aad,20:09:00,94,2008.0,Караулбазарский район,1706232,Караулбазарский район
c48ebf8a-7656-4076-ad21-22400158362b,Пешкунский район,56bea03e-764e-4e04-9de0-528810177aad,20:06:00,136,2003.0,Пешкунский район,1706240,Пешкунский район
83b10d71-96e5-47f6-bb80-22e240011696,Ромитанский район,56bea03e-764e-4e04-9de0-528810177aad,10:11:00,140,2001.0,Ромитанский район,1706242,Ромитанский район
d6e1b19b-c671-4ae0-b478-15d89dfec396,Шафирканский район,56bea03e-764e-4e04-9de0-528810177aad,10:11:00,191,2007.0,Шафирканский район,1706258,Шафирканский район
46957f7e-cafc-4427-9c1a-59205e6a374d,Город Газган,9c6033ca-7c00-41a3-81c9-2017210e7727,21:06:00,10,,город Газган,1712412,город Газган
dafd58f8-fb20-437d-bd07-9b1d9cd2b5a8,Город Зарафшан,9c6033ca-7c00-41a3-81c9-2017210e7727,21:10:00,11,2112.0,город Зарафшан,1712408,город Зарафшан
ebe8f901-2719-4f17-b160-4f3c16880853,Город Навои,9c6033ca-7c00-41a3-81c9-2017210e7727,21:09:00,9,2111.0,город Навои,1712401,город Навои
1101f62e-55f8-40ca-b754-90e26cb1cc81,Канимехский район,9c6033ca-7c00-41a3-81c9-2017210e7727,21:01:00,83,2102.0,Канимехский район,1712211,Канимехский район
233b4694-ef3e-45de-ba6d-1381d994ffc3,Карманинский район,9c6033ca-7c00-41a3-81c9-2017210e7727,21:03:00,77,2110.0,Карманинский район,1712234,Карманинский район
7f475bd1-edb6-471c-acb8-739ffd0bf7e9,Кызылтепинский район,9c6033ca-7c00-41a3-81c9-2017210e7727,21:08:00,89,2109.0,Кызылтепинский район,1712216,Кызылтепинский район
c6bb9a7f-ca28-4cd6-bc1d-7c8085382a2a,Навбахорский район,9c6033ca-7c00-41a3-81c9-2017210e7727,21:02:00,113,2105.0,Навбахорский район,1712230,Навбахорский район
4686bf9a-71dc-45db-8b21-8566668197a7,Нуратинский район,9c6033ca-7c00-41a3-81c9-2017210e7727,21:04:00,120,2107.0,Нуратинский район,1712238,Нуратинский район
02e8699a-43c6-43e2-993b-ccdf2693ac9a,Тамдынский район,9c6033ca-7c00-41a3-81c9-2017210e7727,21:05:00,152,2104.0,Тамдынский район,1712244,Тамдынский район
21cddf7e-593f-4698-a5c3-9c7f29c5604a,Учкудукский район,9c6033ca-7c00-41a3-81c9-2017210e7727,21:11:00,166,2101.0,Учкудукский район,1712248,Учкудукский район
e6c4ea8a-6cd4-4018-b865-9f84ffee27d7,Хатырчинский район,9c6033ca-7c00-41a3-81c9-2017210e7727,21:07:00,172,2108.0,Хатырчинский район,1712251,Хатырчинский район
faa37457-4d37-449b-9041-0390e8bf0ae3,Багатский район,9b3a75c9-b02e-478f-983c-ce269ee3cb20,22:01:00,45,2207.0,Багатский район,1733204,Багатский район
4fd5475d-bdb8-45d2-9ee9-e0c79575d479,Город Ургенч,9b3a75c9-b02e-478f-983c-ce269ee3cb20,22:11:00,30,2211.0,город Ургенч,1733401,город Ургенч
8e58fc8a-7f14-4296-857d-57c928c4d74d,Город Хива,9b3a75c9-b02e-478f-983c-ce269ee3cb20,22:12:00,31,2212.0,город Хива,1733406,город Хива
2d450aa4-17a2-4d02-95d4-3474e314bfc5,Гурленский район ,9b3a75c9-b02e-478f-983c-ce269ee3cb20,22:02:00,61,2203.0,Гурленский район,1733208,Гурленский район
04fc6aee-b83b-4f70-b862-a4ecb81a0356,Кушкупырский район,9b3a75c9-b02e-478f-983c-ce269ee3cb20,22:09:00,100,2209.0,Кошкупырский район,1733212,Кошкупырский район
8b0c815e-ee79-4cbb-a1e5-d53b8059e1cf,Тупроккалинский район,9b3a75c9-b02e-478f-983c-ce269ee3cb20,22:13:00,155,739001141.0,Тупроккалинский район,1733221,Тупроккалинский район
0ced8b2e-7ee1-49fa-90d3-defd188c99aa,Ургенчский район,9b3a75c9-b02e-478f-983c-ce269ee3cb20,22:11:00,162,2204.0,Ургенчский район,1733217,Ургенчский район
8c8c3fca-dca9-46dd-8ece-d1221b6ba9d8,Хазараспский район ,9b3a75c9-b02e-478f-983c-ce269ee3cb20,22:10:00,178,2201.0,Хазараспский район,1733220,Хазараспский район
59823c2f-ea36-41fd-928d-763209431137,Ханкинский район,9b3a75c9-b02e-478f-983c-ce269ee3cb20,10:11:00,175,2206.0,Ханкинский район,1733223,Ханкинский район
9fa01f40-435f-47b7-b367-022e9dc53966,Хивинский район,9b3a75c9-b02e-478f-983c-ce269ee3cb20,22:05:00,173,2210.0,Хивинский район,1733226,Хивинский район
11783c9b-9122-4a5f-96d1-07324fe35d8d,Шаватский район,9b3a75c9-b02e-478f-983c-ce269ee3cb20,22:06:00,190,2205.0,Шаватский район,1733230,Шаватский район
416cd0e6-64f3-406b-888f-3d1756ad3707,Янгиарыкский район ,9b3a75c9-b02e-478f-983c-ce269ee3cb20,22:07:00,199,2202.0,Янгиарыкский район,1733233,Янгиарыкский район
ef31bb3e-2ba1-4d4f-9f27-4e33ca6b17de,Янгибазарский район,9b3a75c9-b02e-478f-983c-ce269ee3cb20,22:08:00,200,2208.0,Янгибазарский район,1733236,Янгибазарский район
c6be3c67-adf3-48db-8414-1842eaab7de0,Амударьинский район,e4d831f3-9ce3-4201-81d1-dcb5fa0ae845,23:01:00,32,2308.0,Амударьинский район,1735204,Амударьинский район
92d1864f-8b3a-4a14-afb8-e85dee058f32,Берунийский район,e4d831f3-9ce3-4201-81d1-dcb5fa0ae845,23:02:00,43,2309.0,Берунийский район,1735207,Берунийский район
ce158dd6-b0e1-40c4-a9a2-273791f8077a,Бозатауский район,e4d831f3-9ce3-4201-81d1-dcb5fa0ae845,23:03:00,49,2315.0,Бузатауский район,1735209,Бузатауский район
465119f1-86c1-4a40-9776-790f2c5f3940,Город Нукус,e4d831f3-9ce3-4201-81d1-dcb5fa0ae845,23:17:00,8,2317.0,город Нукус,1735401,город Нукус
5c5fcc9a-991c-47c5-9223-a25ac25752d9,Канлыкульский район,e4d831f3-9ce3-4201-81d1-dcb5fa0ae845,23:13:00,91,2310.0,Канлыкульский район,1735218,Канлыкульский район
14fd12bb-41e0-4dcf-9cd3-41cc45d7e767,Караузякский район,e4d831f3-9ce3-4201-81d1-dcb5fa0ae845,23:14:00,93,2316.0,Караузякский район,1735211,Караузякский район
4f4b653c-835d-4a88-b0bb-ec1f2b8562c0,Кегейлийский район,e4d831f3-9ce3-4201-81d1-dcb5fa0ae845,23:04:00,80,2307.0,Кегейлийский район,1735212,Кегейлийский район
b9477878-8d73-4ec7-b570-9380d0e60504,Кунградский район,e4d831f3-9ce3-4201-81d1-dcb5fa0ae845,23:15:00,98,2302.0,Кунградский район,1735215,Кунградский район
9bb2245b-cc58-4b8b-abf8-da98f2c8d381,Муйнакский район,e4d831f3-9ce3-4201-81d1-dcb5fa0ae845,23:05:00,112,2303.0,Муйнакский район,1735222,Муйнакский район
4a23f058-1b7c-4379-b22b-9f8084a55d1d,Нукусский район,e4d831f3-9ce3-4201-81d1-dcb5fa0ae845,23:06:00,118,2301.0,Нукусский район,1735225,Нукусский район
359dbee4-7cb9-44e1-af1e-3beb835b2b03,Тахиаташский район,e4d831f3-9ce3-4201-81d1-dcb5fa0ae845,23:18:00,148,2320.0,Тахиаташский район,1735228,Тахиаташский район
5fb79633-5045-4413-be7b-708766335c77,Тахтакупырский район,e4d831f3-9ce3-4201-81d1-dcb5fa0ae845,23:07:00,149,2313.0,Тахтакупырский район,1735230,Тахтакупырский район
70af27cb-e8fc-4e58-b9b4-51cb31d0e8e6,Турткульский район,e4d831f3-9ce3-4201-81d1-dcb5fa0ae845,10:11:00,157,2305.0,Турткульский район,1735233,Турткульский район
c4d951fe-2f96-42ad-b47c-f42058aa3737,Ходжейлийский район,e4d831f3-9ce3-4201-81d1-dcb5fa0ae845,10:11:00,176,2314.0,Ходжейлийский район,1735236,Ходжейлийский район
fe562145-81f0-42e9-9752-2b98b4a60356,Чимбайский район,e4d831f3-9ce3-4201-81d1-dcb5fa0ae845,23:10:00,180,2311.0,Чимбайский район,1735240,Чимбайский район
a437d346-2fb8-4104-b716-b0fe1816477b,Шуманайский район,e4d831f3-9ce3-4201-81d1-dcb5fa0ae845,23:11:00,192,2312.0,Шуманайский район,1735243,Шуманайский район
e05444b6-3615-43f7-aeac-b87e79e3fd7e,Элликкалинский район ,e4d831f3-9ce3-4201-81d1-dcb5fa0ae845,23:12:00,194,2306.0,Элликкалинский район,1735250,Элликкалинский район
