JQB,9инспектор
JQB,ADMIN
JQB,Bag'dod t 1-o'rinbosar
JQB,Beshariq t 1-o'rinbosar
JQB,Bo'lim boshlqi
JQB,Bosh prokuraturasi Huquqni muhofaza qilish akademiyasi
JQB,Buvayda t 1-o'rinbosari
JQB,Dang'ara t 1-o'rinbosari
JQB,Farg'ona sh 1-o'rinbosari
JQB,Farg'ona t 1-o'rinbosari
JQB,Furqat t 1-o'rinbosar
JQB,Lavozim
JQB,Marg'ilon sh 1-o'rinbosar
JQB,Markaz o'rinbosari
JQB,O'zbekiston t 1-o'rinbosari
JQB,Oltiariq t 1-o'rinbosari
JQB,Qo'qon sh 1-o'rinbosari
JQB,Qo'shtepa t 1-o'rinbosar
JQB,Quva t 1-o'rinbosar
JQB,Quvasoy sh 1-o'rinbosari
JQB,Rishton t 1-o'rinbosari
JQB,So'x t 1-o'rinbosari
JQB,Uchko'prik t 1-o'rinbosari
JQB,Yozyovon t 1-o'rinbosar
JQB,admin
JQB,front
JQB,jqb
JQB,kj.jk.jk.
JQB,mtb inspektori
JQB,mutaxassis
JQB,test
JQB,yekakchi mutaxassisi
JQB,ТКД ЖКХ булим бошлиги
JQB,УМИБ тезкор вакил
JQB,бош инспектори
JQB,етакчи мутахассиз
JQB,жкб ттиг этакч мутахссиси 
JQB,инсапектор
JQB,инспектор
JQB,инспетор
JQB,катта инспектор
JQB,катта инспектори
JQB,катта тезкор вакил
MG,
MG,98162 harbiy qism
MG,ADMIN
MG,Aloqa boshlig'i
MG,BBO‘
MG,Batalyon shtab boshligʻi
MG,Bo'lim boshlig'i
MG,Boshqarma boshlig'i o'rinbosari
MG,Bo‘lim boshlig‘i
MG,Feldsher
MG,Guruh  kamandiri
MG,Guruh  komandiri
MG,Guruh komandir
MG,Guruh komandiri
MG,Guruh komandiri 
MG,Guruh komandiri (532)
MG,Guruh komandiri o'rinbosari
MG,Guruh komandiri oʻrinbosari
MG,Guruh komandiri o‘rinbosari
MG,Guruh komandiri yordamchisi
MG,Guruh mutaxassisi
MG,Gurux komandiri
MG,Gurux komandiri yordamchisi
MG,Haydovchi
MG,Inspektor
MG,Inspektor psixolog
MG,Katta inspektor
MG,Katta ofitser
MG,Kinolog
MG,KontrRazvedka Boʻlim Boshligʻi
MG,MTTV komandiri
MG,MUTAXASSIS PULEMYOTCHI
MG,Mutahasis
MG,Mutahasis haydovchi
MG,Mutahassis
MG,Mutahassis 
MG,Mutahassis Mergan
MG,Mutahassis o'qchi
MG,Mutaxasis
MG,Mutaxasis 
MG,Mutaxasis haydovchi
MG,Mutaxasiss
MG,Mutaxasiss haydovchi
MG,Mutaxasiss kavaleryachi 
MG,Mutaxassis
MG,Mutaxassis 
MG,Mutaxassis  
MG,Mutaxassis  o`qchi
MG,Mutaxassis aloqachi
MG,Mutaxassis feldsher
MG,Mutaxassis haydovchi
MG,Mutaxassis haydovchi (motosiklchi))
MG,Mutaxassis hisob raqam
MG,Mutaxassis kinolik
MG,Mutaxassis kinolog
MG,Mutaxassis mergan
MG,Mutaxassis o'qchi
MG,Mutaxassis opirotor
MG,Mutaxassis o‘qchi
MG,Mutaxassis portlatuvchi
MG,Mutaxassis pulemotchi
MG,Mutaxassis raqam xisobchi
MG,Mutaxassis seksiya komandiri
MG,Mutaxassis yo‘naltiruvchi
MG,Mutaxassis-haydovchi
MG,Mutaxassis-operator
MG,Mutaxassis-seksiya komandiri
MG,Mutaxassis-yunaltiruvchi
MG,Mutaxssis kinolog
MG,OK
MG,Otiryad komandiri
MG,Otryad komandiri
MG,Portlatuvchi
MG,Psixolog
MG,Pulemyotchi
MG,Radiotelefonchi
MG,Seksiya komandiri
MG,Ta’minot bo‘yicha yordamchi
MG,Tezkor navbatchi
MG,bo'lim boshlig'i
MG,feldsher
MG,gdsg
MG,guruh kamandir urin bosari
MG,guruh kamandiri
MG,guruh komandir o’rinbosari
MG,guruh komandiri
MG,guruh komandiri o'rinbosari
MG,guruh komandiri o'rinbosari 
MG,guruh komandiri or'inbosari
MG,guruh komandiri o’rinbosari
MG,guruh ofitseri
MG,inspektor
MG,inspektor psixolog
MG,katta inspektori
MG,katta ofitcer
MG,katta ofitser
MG,katta ofitseri
MG,kichik serjant
MG,kinolog
MG,komandir o'rinbosari
MG,komandir oʻrinbosari 
MG,komandir seksiya
MG,mutahassis
MG,mutaxasis
MG,mutaxasis kinolog
MG,mutaxasis sapyor;
MG,mutaxassis
MG,mutaxassis 
MG,mutaxassis kinoligi
MG,mutaxassis kinolog
MG,mutaxassis xaydovchi
MG,mutaxassis-mergan
MG,ofitser
MG,otriat komandiri
MG,otryad kamandiri
MG,otryad komandiri
MG,otryd kamandiri
MG,otyad komandiri
MG,oʻttaa xasis ages
MG,psixologik
MG,seksiya komandir
MG,siktirganski
MG,surishtiruvchi
MG,surushtiruv boshlig‘i
MG,yurist
MG,Бўлим бошлиғи
MG,Бўлинма бошлиғи
MG,инспектор
MG,null
PI,
PI, p.i
PI,32904966800012
PI,94-058-98-00
PI,ADMIN
PI,Boʼlinma boshligʼi
PI,EKO inspektor
PI,Inspektor
PI,Katta inspektor
PI,Kichik inspektor
PI,Lavozim
PI,Markaz o'rinbosari
PI,Mutaxassis
PI,PKI
PI,PkI
PI,Profilaktika  inspektori
PI,Profilaktika  inspektori 
PI,Profilaktika  katta inspektori
PI,Profilaktika inspektori
PI,Profilaktika inspektori 
PI,Profilaktika katta inspektori
PI,Profilaktika katta inspektori 
PI,Shayxontohur tumani IIO FMB 5-sonli IIB HPB profilaktika inspektori
PI,XOB inpektori
PI,admin
PI,front
PI,p.i
PI,p.k.i
PI,p/i
PI,pi
PI,ppx inpektor
PI,profilaktika Inspektor
PI,profilaktika Inspektor 
PI,profilaktika Katta inspektor
PI,profilaktika inspector
PI,profilaktika inspektor
PI,profilaktika inspektori
PI,profilaktika katta inspektor
PI,profilaktika katta inspektori
PI,profilaktika katta ispektor
PI,profilaktikaInspektor
PI,tuman admin
PI,ЖХХ бош инспектор
PI,Профилактика инспектори
PI,Профилактика катта инспектори
PI,Профилактика катта инспектори 
PI,бош инспектор
PI,бош мутахассиз
PI,п.и
PI,профилактика инспектори
PI,профилактика инспектори 
PPX,
PPX, 4-OTRYAD KOMANDIRI O'RINBOSARI
PPX, 4-минтақа ППХ инспектори
PPX, INSPEKTORI
PPX, ISMOTXTO  inspektori
PPX, ISMTOXTO inspektori
PPX, Inspektor
PPX, Namangan viloyati IIB JXX JTSB PPXB Maxsus otryad guruh komandiri
PPX, Namangan viloyati IIB JXX JTSB PPXB Maxsus otryad inspektoriguruh komandiri urinbosari 
PPX, PPX inspektor
PPX, PPX inspektori
PPX, PPX inspektori 
PPX, PPX xodimi
PPX, Yangi Namangan tumani PPXB inspektor
PPX, inspektor
PPX, inspektori
PPX, inspektori 
PPX, ppx inspektori
PPX, Ўраб олиш ва кўздан кечиришни ташкиллаштириш гуруҳи 
PPX, Ўраб олиш ва кўздан кечиришни ташкиллаштириш гуруҳи сафдор
PPX, Ўраб олиш ва кўздан кечиришни ташкиллаштириш гуруҳи сафдор ходими
PPX, ППХБ катта мухандиси
PPX, Сув билан зарба бериш гуруҳи оператори 
PPX, Сув билан зарба бериш гуруҳи ҳайдовчиси
PPX," Текшириш, кузатиш ва тезкор ҳаракатланиш гуруҳи муҳандиси"
PPX," Текшириш, кузатиш ва тезкор ҳаракатланиш гуруҳи ходими"
PPX, командири ўринбосари
PPX,1 mintaxa PPX otryad kom orinbosari
PPX,1 mintaxa PPX otryad komandiri
PPX,1 otryad komandiri orinbosari
PPX,1-MMM ППХO TIB o'rinbosari 
PPX,1-Mintaqa PPX Inspektori
PPX,1-Mintaqa PPX inspektori
PPX,1-Mintaqa PPXO 1 gurux komandiri
PPX,1-Mintaqa PPXO 2 guruh komandiri
PPX,1-Otryad komandiri
PPX,1-guruh komandiri
PPX,1-gurux komandiri
PPX,1-otryad MPPX inspektori     
PPX,1-otryad PPX inspektori
PPX,1-otryad PPX inspektori 
PPX,1-otryad PPX inspektori  
PPX,1-otryad gurux komandiri
PPX,1-otryad inspektori 
PPX,1-otryad komandiri
PPX,1-otryad komandirining o'rinbosari
PPX,1-otryad МPPX inspektori 
PPX,1-tumanlararo inspektori
PPX,1-МИнтақа ППХ инспектори 
PPX,1-МММ ППХО 1-Гурух командири
PPX,1-МММ ППХО 2-гурух командири
PPX,1-МММ ППХО 3-гурух командири 
PPX,1-МММ ППХО 4-гурух командири 
PPX,1-МММ ППХО 5-гурух командири 
PPX,1-МППХО командири хизмат бўйича ўринбосари
PPX,1-Минтақа ППХ Инспектори
PPX,1-Минтақа ППХ инспектори
PPX,1-Минтақа ППХ инспектори 
PPX,1-Минтақа ППХ инспектри 
PPX,1-Минтақа ППХ инспентори
PPX,1-Минтақа ППХ отряд командарининг ММИБ ўринбосари
PPX,1-Минтақа ППХ отряд командири 
PPX,1-Минтақа ППх инспектори
PPX,1-Туманлараро PPX inspektori
PPX,1-минтака ППХ инспектори
PPX,1-минтақа ППХ инспектори
PPX,1-отряд PPX inspektori
PPX,1-отряд МППХ инспектори 
PPX,1-отряд ППХ инспектори 
PPX,1-отряд гурух командири 
PPX,13-otryad MPPX inspektori
PPX,2 Mintaqa PPX Inspektori
PPX,2 Mintaqa PPX inspektori
PPX,2 Mintaqa PPXO 2 gurux komandiori
PPX,2 OTRYAD MPPX INSPEKTORI
PPX,2 mintaqa PPXO komandiri
PPX,2- gurux komandiri
PPX,2-Mintaqa PPX inspektori
PPX,2-Otryad komandiri
PPX,2-gurux komandiri
PPX,2-otryad MPPX inspektori
PPX,2-otryad MPPX inspektori 
PPX,2-otryad MPPXO inspektori 
PPX,2-otryad bo'linma kamandiri
PPX,2-otryad inspektori
PPX,2-otryad komandir o'rinbosari
PPX,2-otryad komandiri
PPX,2-otryad komandiri 
PPX,2-tumanlararo PPXG inspektori
PPX,2-tumanlararo inspektori
PPX,2-гурух камандири
PPX,2-минтақа ППХ  гурух командири
PPX,2-минтақа ППХ ГУРУХ командири
PPX,2-минтақа ППХ гурух командири
PPX,2-минтақа ППХ гуруҳ командири
PPX,2-минтақа ППХ инспектори
PPX,2-минтақа ППХ катта инспектори
PPX,2-минтақа ППХ отряд командири
PPX,2-отряд МППХ инспектори
PPX,2-отряд МППХ инспектори 
PPX,2-отряд МППХО
PPX,2-отряд МППХО инспектори
PPX,2-отряд МППХО инспектори 
PPX,2-отряд МППХО инспектори  
PPX,2-отряд сафдор-ходим 
PPX,3 Mintaqa PPX inspektori
PPX,3 mintaxa PPX otryad komandiri
PPX,3-GURUH SAVDOR HODIMI
PPX,3-guruh komandiri
PPX,3-gurux komandiri
PPX,3-otryad MPPX inspektori 
PPX,3-otryad MPPX inspektori  
PPX,3-otryad МPPX inspektori
PPX,3-otryad МPPX inspektori 
PPX,3-ППХ отряд командири
PPX,3-минтақа ППХ 1-гуруҳ командири
PPX,3-минтақа ППХ 2-гурух командири
PPX,3-минтақа ППХ 3-гуруҳ командири
PPX,3-минтақа ППХ 4-гурух командири
PPX,3-минтақа ППХ 5-гурух командири
PPX,3-минтақа ППХ инсипектори
PPX,3-минтақа ППХ инспектои
PPX,3-минтақа ППХ инспектори
PPX,3-минтақа ППХ иснпектори
PPX,3-минтқа ППХ инспектори
PPX,3-отряд сафдор-ходим 
PPX,3-отряд софдор-ходими  
PPX,32509893500073
PPX,3минтақа ППХ инспектори
PPX,4-GURUH KAMANDIRI
PPX,4-TUMANLARARO OTRYADI INSPEKTORI
PPX,4-МММ ППХО камандири
PPX,4-Минтақа ППХ Инспектори
PPX,4-Минтақа ППХ инспектори
PPX,4-минтақа ППХ 1-гурух командири
PPX,4-минтақа ППХ 3-гурух командири
PPX,4-минтақа ППХ 5-гурух командири
PPX,4-минтақа ППХ гурух командири
PPX,4-минтақа ППХ инспектори
PPX,4-минтақа ППХ инспектори 
PPX,4-минтақа ППХ хайдовчи
PPX,4-минтақа ППХО командирининг ММИБ ўринбосари
PPX,4-отряд командирининг хизмат бўйича  ўринбосари 
PPX,9999999999999999
PPX,ADMIN
PPX,ATG muhandisi
PPX,Aloqa guruhi katta muhandisi
PPX,Axborot tehnalogiyalari guruhi 
PPX,BATALION KOM O'RIN BOSAR
PPX,BATALYON KOMANDIRINING O'RINBOSARI
PPX,BO`LINMA KOMANDIRI
PPX,BO‘LINMA KOMANDIRI
PPX,BRIGADA KOMANDIRI
PPX,Batalion komandirining ma'naviy va ma'rifiy ishlar bo'yicha o'rinbosari  
PPX,Batalion komandirining xizmat bo'yicha o'rinbosari
PPX,Batalon komandiri o'rinbosari
PPX,Batalon komandirining TB o‘rinbosari
PPX,Batalyon kamandirining
PPX,Batalyon komandiri
PPX,Batalyon komandiri o`rinbosari
PPX,Batalyon komandiri orinbosari
PPX,Batalyon komandirining orinbosari
PPX,Batalyon komandirining o‘rinbosari
PPX,Bektemir tumani IIO FMB JTSB boshlig’i  
PPX,Birinchi otryad bo'linma komandiri
PPX,Birinchi otryad inspektori
PPX,Bo'lim boshligi
PPX,Bo'linma boshlig'i
PPX,Bo'linma kamandiri
PPX,Bo'linma komandiri
PPX,Bo'linma komandiri 
PPX,Bosh mutaxassis
PPX,Boʼlinma boshligʼi
PPX,Bo‘linma komandiri
PPX,Bo’linma komandiri
PPX,Bulinma komandiri
PPX,DEV
PPX,Davlatobo tumani PPX inspektori
PPX,Davlatobod Tumani Tuquvchi XTM Bosh inspektori
PPX,Davlatobod tumani  IIB JXX JTSB PPX otryad inspektori
PPX,Davlatobod tumani  PPX inspektori
PPX,Davlatobod tumani IIB JXX JTSB PPX inspektori
PPX,Davlatobod tumani IIB JXX JTSB PPX otryad komandiri
PPX,Davlatobod tumani Orzu HTM bosh inspektori
PPX,Davlatobod tumani PPX bulimma komandiri
PPX,Davlatobod tumani PPX bulinma komandiri
PPX,Davlatobod tumani PPX inspektori
PPX,Davlatobod tumani PPX inspektori 
PPX,Davlatobod tumani PPX ispektori
PPX,Davlatobod tumani Umid HTM bosh inspektori
PPX,Davlatobod tumani XTM inspektori
PPX,Davlatobod tumani Yuksalish HTM bosh inspektori
PPX,Davlatobor tuman XTM inspektori
PPX,Davlatobot tumani IIB PPX inspektori
PPX,Davlatobot tumani PPX ispektori
PPX,Developer
PPX,FARG'ONA VILOYATI IIB IMH PPX OTRYADI XIZMAT BUYICHA O'RINBOSARI
PPX,Farg'ona viloyati IIB IMH PPX otryadi komandirining TIB o'rinbosari 
PPX,GURUH KAMANDIRI
PPX,GURUH KOMANDIRI
PPX,GURUX KOMANDIRI
PPX,GURUX KOMANDIRI 
PPX,Guruh koma
PPX,Guruh komandir
PPX,Guruh komandiri
PPX,Guruh komandiri o'rinbosari
PPX,Guruh komandiri o‘rinbosari
PPX,Gurux kamandiri
PPX,Gurux komandiri
PPX,HAYDOVCHI HODIM
PPX,HAYDOVCHI HODIM 
PPX,Haydovchi
PPX,Haydovchi 
PPX,IIB Boshqarma boshliği
PPX,IIB JXX JTSB 1-o'rinbosari
PPX,IIB JXX JTSB BOSHLIG'I
PPX,IIB JXX JTSB BOSHLIG'INING O'RINBOSARI
PPX,IIB JXX JTSB boshlig'i
PPX,IIB JXX JTSB o'rinbosar
PPX,IIV
PPX,INBSPEKTOR
PPX,INSPEKTOR
PPX,INSPEKTORI
PPX,IOTXT otryad komandiri o'rinbosari
PPX,ISMOTXT Otryad komandiri
PPX,ISMOTXT Otryad komandiri o'rinbosari
PPX,ISMOTXT otryad komandiri
PPX,ISMOTXTO  inspektori
PPX,ISMOTXTO PPX Inspektori
PPX,ISMOTXTO guruh komandiri
PPX,ISMOXTO muxandisi
PPX,ISMTOXTO  inspektori
PPX,ISMTOXTO muxandisi
PPX,ISOMTO'XTO inspektori
PPX,ISOMTO'XTO mutaxasisi
PPX,ISOMTUHT  safdor xodimi
PPX,ISOMTUHT mutahasisi
PPX,ISOMTUHT safdor hodimi
PPX,ISOMTUHT safdor xodimi
PPX,ISOMTUHTA
PPX,ISOMTUHTA otryadi
PPX,ISOMTUXT otryadi
PPX,ISOTO'XTO inspektori
PPX,Ikkinchi tumanlararo PPX guruhi inspektori
PPX,Inispektor
PPX,Inspector
PPX,Inspektor
PPX,Inspektor 
PPX,Inspektor safdor xodimi
PPX,Inspektori
PPX,JTSB boshlig`i
PPX,JTSB boshlig`ining o`rinbosari
PPX,JTSB boshlig‘i
PPX,JTSB boshlig‘i o‘rinbosari 
PPX,JTSB inspektori
PPX,JTSB katta inspektori
PPX,JTSB nq katta inspektor navbatchi 
PPX,JTSG inspektori
PPX,JTSG katta inspektori
PPX,JXX ATB
PPX,"JXX JTSB Boshlig""i"
PPX,Kadr inspektori
PPX,Kadrlar guruxi katta inspеktori
PPX,Katta inspektor
PPX,Katta serjant
PPX,Kichik inspektor
PPX,LLL
PPX,Lavozim
PPX,M.Ulug`bek  tumani IIO FMB JTSB boshlig’i  
PPX,MMIO'
PPX,MPPX 2-otryad gurux komandiri
PPX,MPPX 3-otryad bo‘linma komandiri
PPX,MPPX INSOEKTORI
PPX,MPPX INSPEKTORI
PPX,MPPX inspektori 
PPX,MPPX inspektori tungi klub 
PPX,MPPXO INSPEKTORI
PPX,MPPXO INSPEKTORI 
PPX,Markaz o'rinbosari
PPX,Maxsus otryad PPX inspektori
PPX,Mirzo Ulug`bek tumani IIO FMB boshlig`i
PPX,Muhandis
PPX,Mutahassis
PPX,Namangan shahar Gishtkuprik 5-son MFY PPX Inspektori
PPX,Namangan shahar IIB PPX 4-sonli Ozod MFY HTM inspektori
PPX,Namangan shahar Obihayot HTM bosh inspektori
PPX,Namangan shahar PPX Inspektori
PPX,Namangan shahar PPX inspektori
PPX,Namangan shahar PPXB inspektori
PPX,Namangan shaxar IIB JXX JTSB PPX inspektori
PPX,Namangan shaxar IIB JXX JTSB PPX otryadi inspektori
PPX,Namangan shaxar IIB JXX PPX otryad bulinma komandiri
PPX,Namangan shaxar IIb JXX JTSB PPX inspektori
PPX,Namangan shaxar Lola XTM Bosh inspektori
PPX,Namangan shaxar PPX Otryad komandiri
PPX,Namangan shaxar PPX inspektori
PPX,Namangan shaxar chorsu MFY XTM inspertori
PPX,Namangan viloyati IIB JXX JTSB PPXB  
PPX,Namangan viloyati IIB JXX JTSB PPXB Maxsus otryad inspektori
PPX,Namangan viloyati IIB JXX JTSB PPXB Maxsus otryad inspektorii
PPX,Namangan viloyati IIB JXX JTSB PPXB Maxsus otryad mutaxasisi
PPX,Namangan viloyati IIB JXX JTSB PPXB maxsus otryad gurux komondiri
PPX,Namangan viloyati IIB JXX JTSB PPXB maxsus otryad suv bilan zarba berish xaydovchisi
PPX,Namangan viloyati IIB JXX JTSB PPXB tumanlararo Otryad komandiri
PPX,Namangan viloyati IIB JXX JTSB maxsus otryad mutaxasis
PPX,Namangan viloyati IIB PPXB Maxsus otryadi inspektori
PPX,Namangan viloyati IIB PPXB maxsus otryad inspektori
PPX,Namangan viloyati PPXB Tumalararo otryadi inspektori
PPX,Namangan viloyati PPXB Tumanlararo otryadi inspektori
PPX,Namangan viloyati PPXB inspektori
PPX,Namangan viloyati PPXB maxsus otryad inspektori
PPX,Namangan viloyati PPXB navbatchisi
PPX,Namangan viloyati PPXB otliq guruhi
PPX,Namangan viloyati PPXB otliq guruxi
PPX,Namangan viloyati PPXB tumanlararo
PPX,Namanmgan viloyati PPXB inspektori
PPX,OTRYAD KOMANDIRI 
PPX,Olmazor  tumani IIO FMB JTSB boshlig’i  
PPX,Operator
PPX,Otr kom o'rinbosari
PPX,Otryad komandir o'rinbosari
PPX,Otryad komandiri
PPX,Otryad komandiri o'rinbosari
PPX,Otryad komandiri o`rinbosari
PPX,Otryad komandiri orinbosari
PPX,Otryad komandirining o'rinbosari
PPX,P I inspektori
PPX,PPX
PPX,PPX  INSPEKTORI
PPX,PPX  INSPEKTORI 
PPX,PPX  katta muxandisi
PPX,PPX 1-otryad bo'linma komandiri
PPX,PPX 1-otryad inspektori
PPX,PPX 2-otryad bo'linma komadiri
PPX,PPX 2-otryad bo'linma komandiri
PPX,PPX BRIGADASI
PPX,PPX BRIGADASI 
PPX,PPX Bo'linma Komandiri
PPX,PPX IBSPEKTORI
PPX,PPX IINSPEKTORI
PPX,PPX INPEKTOR
PPX,PPX INPEKTORI
PPX,PPX INPEKTRO
PPX,PPX INS
PPX,PPX INS 
PPX,PPX INSPECTOR
PPX,PPX INSPEK
PPX,PPX INSPEKT
PPX,PPX INSPEKTOR
PPX,PPX INSPEKTOR 
PPX,PPX INSPEKTORI
PPX,PPX INSPEKTORI 
PPX,PPX INSPEKTORT
PPX,PPX INSPEKTPRI
PPX,PPX INSPEKTRI
PPX,PPX INSPEKTRO
PPX,PPX INSPEK|TORI
PPX,PPX INSPELTOR
PPX,PPX INspektori
PPX,PPX ISOTOXTO  inspektori
PPX,PPX Inaspektori
PPX,PPX Inispektori
PPX,PPX Inspector
PPX,PPX Inspektor
PPX,PPX Inspektori
PPX,PPX Inspektr
PPX,PPX OTUQTO gurux kom
PPX,PPX bataloni  ISOMTXT otryadi komandiri o‘rinbosari
PPX,PPX bataloni 1-otryad inspektori
PPX,PPX bataloni 1-otryad otryadi safdor xodimi
PPX,PPX bataloni 1-otryad otryadi safdor-xodimi
PPX,PPX bataloni ISOMTXT otryad Muxandis xodimi
PPX,PPX bataloni ISOMTXT otryad mutaxasis xodimi
PPX,PPX bataloni ISOMTXT otryadi 
PPX,PPX bataloni ISOMTXT otryadi Muxandis xodimi
PPX,PPX bataloni ISOMTXT otryadi gurux  komandiri
PPX,PPX bataloni ISOMTXT otryadi gurux komandiri o‘rinbosari
PPX,PPX bataloni ISOMTXT otryadi mutaxasis xodimi
PPX,PPX bataloni ISOMTXT otryadi muxandis xodimi
PPX,PPX bataloni ISOMTXT otryadi safdor xodimi
PPX,PPX bataloni ISOMTXT otryadi safdor-xodimi
PPX,PPX bataloni ISOMTXT otryadi suv bilan zarba bеrish guruhi komandiri
PPX,PPX bataloni ISOMTXTO haydovchi-xodimi
PPX,PPX bataloni ShTAB navbatchilik qismi katta inspеktor navbatchisi
PPX,PPX bataloni ShTAB navbatchilik qismi navbatchi-yordamchisi
PPX,PPX bataloni birinchi otryadi bo‘linma komandiri
PPX,PPX bataloni birinchi otryadi haydovchi-xodimi
PPX,PPX bataloni birinchi otryadi komandiri
PPX,PPX bataloni birinchi otryadi komandiri o‘rinbosari
PPX,PPX bataloni birinchi otryadi safdor xodimi
PPX,PPX bataloni birinchi otryadi safdor-xodimi
PPX,PPX bataloni komandiri MMI bo‘yicha urinbosari
PPX,PPX bataloni komandiri MTT bo‘yicha urinbosari
PPX,PPX bataloni komandrining o‘rinbosari ISOMTO‘XTO komandiri
PPX,PPX bataloni ta’minlash guruhi haydovchi-xodimi
PPX,PPX bataloni ta’minlash guruhi starshinasi
PPX,PPX bataloni xizmatni tashkillashtirish guruhi katta inspеktori
PPX,PPX guruh koman
PPX,PPX guruh komandiri
PPX,PPX gurux komandiri
PPX,PPX inpektori
PPX,PPX inspector
PPX,PPX inspektor
PPX,PPX inspektor 
PPX,PPX inspektori
PPX,PPX inspektori 
PPX,PPX inspektpri
PPX,PPX inspektrori
PPX,PPX insperktor
PPX,PPX inspetktori
PPX,PPX insprktori
PPX,PPX insptktori
PPX,PPX isnpektori
PPX,PPX komandirining MTT bo'yicha o'rinbosari
PPX,PPX operator
PPX,PPX otr kom urin
PPX,PPX otryad  komandiri o'rinbosari
PPX,PPX otryad komandiri
PPX,PPX tuman insp
PPX,PPX xodimi
PPX,PPX xodimi 
PPX,PPX xodmi
PPX,"PPX,atalioni ATG katta muxandisi"
PPX,PPX< inspektori
PPX,PPXB
PPX,PPXB 1- OTRYAD INSPEKTORI SAFDOR XODIMI
PPX,PPXB 1-OTRYAD BO'LINMA KOMANDIRI
PPX,PPXB 1-OTRYAD BO’LINMA KOMANDIRI
PPX,PPXB 1-OTRYAD INISPEKTORI
PPX,PPXB 1-OTRYAD INISPEKTORI 
PPX,PPXB 1-OTRYAD INSPEKTOR
PPX,PPXB 1-OTRYAD INSPEKTORI
PPX,PPXB 1-OTRYAD KOMANDIRI
PPX,PPXB 1-OTRYAD KOMANDIRI O'RINBOSARI
PPX,PPXB 1-OTRYAD SAFDOR XODIMI
PPX,PPXB 1-OTRYAD XAYDOVCHI XODIMI
PPX,PPXB 1-TUMANLARARO OTRYADI BO’LINMA KOMANDIRI
PPX,PPXB 1-TUMANLARARO OTRYADI INSPEKTORI
PPX,PPXB 1-TUMANLARARO OTRYADI KOMANDIRI
PPX,PPXB 1-otryad komandiri
PPX,PPXB 2- OTRYAD INSPEKTORI
PPX,PPXB 2-OTRYAD BO’LINMA KOMANDIRI
PPX,PPXB 2-OTRYAD INSPEKTORI
PPX,PPXB 2-OTRYAD KOMANDIRI
PPX,PPXB 2-OTRYAD KOMANDIRI O’RINBOSARI
PPX,PPXB 2-OTRYAD SAFDOR XODIMI
PPX,PPXB 2-OTRYAD XAYDOVCHI XODIMI
PPX,PPXB 2-TUMANLARARO OTRYAD INSPEKTORI
PPX,PPXB 2-TUMANLARARO OTRYAD KOMANDIRI
PPX,PPXB 2-TUMANLARARO OTRYADI  INSPEKTORI
PPX,PPXB 2-TUMANLARARO OTRYADI BO'LINMA KOMANDIRI
PPX,PPXB 2-TUMANLARARO OTRYADI BO’LINMA KOMANDIRI
PPX,PPXB 2-TUMANLARARO OTRYADI INSPEKTORI
PPX,PPXB 2-TUMANLARARO OTRYADI XAYDOVCHI XODIMI
PPX,PPXB 2-otryad  bo‘linma komandiri 
PPX,PPXB 2-otryad gurux komandiri
PPX,PPXB 2-otryad inspektori
PPX,PPXB 2-otryad safdor xodimi
PPX,PPXB 2-otryad safdor xodimi 
PPX,PPXB 3- OTRYAD BO’LINMA KOMANDIRI
PPX,PPXB 3- OTRYAD INSPEKTORI
PPX,PPXB 3- OTRYAD KOMANDIRI
PPX,PPXB 3- OTRYAD KOMANDIRI O’RINBOSARI
PPX,PPXB 3- OTRYAD SAFDOR XODIMI
PPX,PPXB 3- TUMANLARARO OTRYAD INSPEKTORI
PPX,PPXB 3-OTRYAD  INSPEKTORI
PPX,PPXB 3-OTRYAD INSPEKTORI
PPX,PPXB 3-TUMANLARARO OTRYAD INSPEKTORI
PPX,PPXB 3-TUMANLARARO OTRYAD KOMANDIRI
PPX,PPXB 3-TUMANLARARO OTRYADI BO’LINMA KOMANDIRI
PPX,PPXB 3-TUMANLARARO OTRYADI BO’LINMA KOMANDIRI 
PPX,PPXB 3-TUMANLARARO OTRYADI INSPEKTORI
PPX,PPXB 3-TUMANLARARO OTRYADI KOMANDIRI
PPX,PPXB 4- OTRYAD BO’LINMA KOMANDIRI
PPX,PPXB 4- OTRYAD INSPEKTORI
PPX,PPXB 4- OTRYAD INSPEKTORI SAFDOR
PPX,PPXB 4- OTRYAD KOMANDIRI
PPX,PPXB 4- OTRYAD KOMANDIRINING O'RINBOSARI
PPX,PPXB 4-OTRYAD INSPEKTORI
PPX,PPXB 4-OTRYADI BO’LINMA KOMANDIRI
PPX,PPXB 4-TUMANLARARO OTRYADI BO’LINMA KOMANDIRI
PPX,PPXB 4-TUMANLARARO OTRYADI INSPEKTORI
PPX,PPXB 4-TUMANLARARO OTRYADI KOMANDIRI
PPX,PPXB 4-TUMANLARARO OTRYADI XAYDOVCHI XODIMI
PPX,PPXB INSPEKTOR
PPX,PPXB ISMOTXT OTRYAD KOMANDIRI O'RINBOSARI
PPX,PPXB ISMOTXT OTRYADI KOMANDIRI
PPX,PPXB ISOMTO'XT OTRYADI INSPEKTORI
PPX,PPXB ISOMTO'XT otryadi inspektori
PPX,PPXB ISOMTO’XT OTRYADI GURUH KOMANDIRI
PPX,PPXB ISOMTO’XT OTRYADI GURUH KOMANDIRI O'RINBOSARI
PPX,PPXB ISOMTO’XT OTRYADI GURUX KOMANDIRI
PPX,PPXB ISOMTO’XT OTRYADI INSPEKTORI
PPX,PPXB ISOMTO’XT OTRYADI MUTAXASSISI
PPX,PPXB ISOMTO’XT OTRYADI MUXANDISI
PPX,PPXB ISOMTO’XT OTRYADI OPERATORI
PPX,PPXB ISOMTXT otryadi inspektori
PPX,PPXB MMIB orinbosari
PPX,PPXB OTLIQ GURUHI KOMANDIRI
PPX,PPXB OTLIQ GURUHI SAFDOR XODIMI
PPX,PPXB hizmatini tashkil etish
PPX,PPXB inspektori
PPX,PPXB katta inspektori
PPX,PPXB komandiri  MTT orinbosari
PPX,PPXB komandiri o'runbosari
PPX,PPXB komandirining o'rinbosari
PPX,PPXB navbatchilik qismi
PPX,PPXB navbatchisi
PPX,PPXB otryad komandiri orinbosari
PPX,PPXB safdor hodimi
PPX,PPXB xizmat buyicha orinbosari
PPX,PPXB xizmat kursatish komindanti
PPX,PPXG KOMANDIR O'RINBOSARI
PPX,PP{B Ta'minot gurihi
PPX,Patrul Post Xizmati Inspektori
PPX,Patrul-post xizmati inspеktori
PPX,Pd  phvPX ее
PPX,Podpolkovnik PPX bataloni komandiri o‘rinbosari
PPX,Profilaktika katta inspektori
PPX,"Qashqadaryo viloyati, IIB PPXB inspektori"
PPX,RANK
PPX,SAFDOR
PPX,SAFDOR HODIM
PPX,SAFDOR HODIM 
PPX,SAFDOR XODIM
PPX,Safdor
PPX,Safdor PPX bataloni birinchi otryadi bulinma komandiri
PPX,Safdor xodim
PPX,Safdor xodimi
PPX,Sergeli tumani IIO FMB JTSB boshlig’i  
PPX,Serjant
PPX,Suv bilan zarba berish operatori
PPX,Ta'minlash guruhi inspektori
PPX,Test JXD
PPX,Tezkor vakil
PPX,Tuman Jamoat xavfsizligi xizmati boshlig`i
PPX,Tumanlar aro PPX Inspektori
PPX,Tumanlar aro PPX inspektori
PPX,Tumanlararo otryad komandiri
PPX,Tumanlararo otryad komandiri o'rinbosari
PPX,Tumanlararo otryadi komandiri
PPX,Tumanlararo safdor xodim
PPX,Uchqurgon tumani  PPX inspektori  
PPX,Uchtepa tumani
PPX,Viloyat IIB JXX JTSB boshlig'i
PPX,Viloyat IIB JXX JTSB boshlig'i o'rinbosari
PPX,Xaydovchi
PPX,Yakkasaroy tumani JTSB boshlig`i
PPX,Yangi Namangan tumani Beruniy HTM bosh inspektori
PPX,Yangi Namangan tumani Biruniy 2-sonli MFY PPX inspektori 
PPX,Yangi Namangan tumani Bunyodkor HTM bosh inspektori
PPX,Yangi Namangan tumani Go`zal HTM bosh inspektori
PPX,Yangi Namangan tumani IIB Guzal MFY XTM PPX inspektori
PPX,Yangi Namangan tumani IIB JXX JTSB PPX inspektori
PPX,Yangi Namangan tumani IIB PPX inspektori
PPX,Yangi Namangan tumani IIB PPX inspetori
PPX,Yangi Namangan tumani Ishonch XTM Bosh inspektori
PPX,Yangi Namangan tumani PPX Inspektori
PPX,Yangi Namangan tumani PPX bulinma komandiri
PPX,Yangi Namangan tumani PPX inspektori
PPX,Yangi Namangan tumani PPX inspektori 
PPX,Yangi Namangan tumani PPX inspektori  
PPX,Yangi Namangan tumani PPXB inspektori
PPX,Yangi Namangan tumani PPXB inspektori 
PPX,Yangi namangan tumani HTM inspektori
PPX,Yangi namangan tumani IIB JTSB PPX 4-sonli XTM inspektori
PPX,YangiNamangan tumani IIB PPX 3-sonli Gozal MFY HTM inspektori
PPX,Yashnobod tumani IIO FMB JTSB boshlig’i
PPX,Yunusobod tumani IIO FMB JTSB boshlig’i  
PPX,aloqa
PPX,batalon komandirining o‘rinbosari
PPX,batalon komandirining xizmat bo‘yicha o‘rinbosari
PPX,batalon komandirir o'rinbosari
PPX,birinchi tumalararo patrul-post xizmati guruhi inspektori
PPX,bo'linma komandiri
PPX,bo`linma komandiri
PPX,bolinma komandiri
PPX,bosh inspektor
PPX,bosh mutaxassis
PPX,boshqarma boshlig'i
PPX,boshqarma boshlig'i o'rinbosari
PPX,boshqarma boshligi' o'rinbosari
PPX,bo‘linma komandiri
PPX,bulinma komandiri
PPX,disigner
PPX,front
PPX,guruh komandiri
PPX,guruh komandiri o'rinbosari
PPX,gurux kom 
PPX,gurux komandiri
PPX,haydovchi
PPX,haydovchi hodimi
PPX,haydovchi xodim
PPX,haydovchi xodimi
PPX,haydovchisi
PPX,ikkinchi otryad inspektori
PPX,ikkinchi tumanlararo patrul-post xizmati guruhi inspektori
PPX,imspektor
PPX,inpektor xodim
PPX,inspektor
PPX,inspektor 
PPX,inspektor xodimi
PPX,inspektor ходим
PPX,inspektor.
PPX,inspektori
PPX,inspektori 
PPX,isnpektor
PPX,ispektor
PPX,kadirlar guruhi 
PPX,katta Inspektor
PPX,kiber
PPX,kichik inspektor
PPX,kkkkl
PPX,komandir o`rinbosari
PPX,komandir otryad o`rinbosari
PPX,mutaxassisi
PPX,nspektor
PPX,o'qituvchi
PPX,operator
PPX,operator 
PPX,otliq xodim
PPX,otr/gur/ kom
PPX,otryad komandiri
PPX,otryad komandiri o'rinbosari
PPX,otryad komandiri orinbosari
PPX,otryad komandiri o‘rinbosari
PPX,otryad komandiriningo'rinbosari
PPX,otryad mutahasisi
PPX,patrul
PPX,ppx inf
PPX,ppx ins
PPX,ppx insp
PPX,ppx inspekrori
PPX,ppx inspektor
PPX,ppx inspektori
PPX,ppx inspektori 
PPX,ppx inspektri
PPX,ppx inspektrori
PPX,ppx inspektrori 
PPX,ppx onspektori
PPX,prod test
PPX,prof ins
PPX,profilaktika Inspektor
PPX,safdor
PPX,safdor hodimi
PPX,safdor xodim
PPX,safdor xodimi
PPX,safdor xodimi 
PPX,safdor-xodim
PPX,serjant
PPX,sinspektori
PPX,test
PPX,tester
PPX,tuman JTSB boshlig`i
PPX,tumanlararo otryad komandiri 
PPX,tumanlararo patrul-post xizmati gurug‘i inspеktori
PPX,tumanlararo patrul-post xizmati otryadi birinchi tumanlararo patrul-post xizmati guruhi haydovchisi
PPX,tumanlararo patrul-post xizmati otryadi birinchi tumanlararo patrul-post xizmati guruhi safdor xodimi
PPX,viloyat admin
PPX,xaydovchi
PPX,xaydovchi  hodimi
PPX,xaydovchi hodim
PPX,xaydovchi hodimi
PPX,xaydovchi hodimi 
PPX,xaydovchi xodim
PPX,Ўраб олиш ва кўздан кечиришни ташкиллаштириш гуруҳи
PPX,Ўраб олиш ва кўздан кечиришни ташкиллаштириш гуруҳи 
PPX,Ўраб олиш ва кўздан кечиришни ташкиллаштириш гуруҳи командир ўринбосари
PPX,Ўраб олиш ва кўздан кечиришни ташкиллаштириш гуруҳи командири
PPX,Ўраб олиш ва кўздан кечиришни ташкиллаштириш гуруҳи мутахассиси
PPX,Ўраб олиш ва кўздан кечиришни ташкиллаштириш гуруҳи сафдор ходми
PPX,Ахборот технологиялари бўйича бош инспкектори
PPX,БЎЛИНМА КАМАНДИРИ
PPX,Батальон командири
PPX,Батальон командири 
PPX,Батальон командири ўринбосари
PPX,Батальон командири ўринбосари 
PPX,Батальон командирини хизмат бўйича ўринбосари
PPX,Батальон командирининг хизмат буйича уринбосари 
PPX,Батальон командирининг хизмат бўйича ўринбосари
PPX,Батальон ткомандири ўринбосари
PPX,Бошқарма бошлиғи ўринбосари 
PPX,Бошқарма бошлиғи ўринбосари  
PPX,Бустанлик тиман  Толебй МФЙ
PPX,Бўлинма камандири
PPX,Бўлинма камандири 
PPX,Бўлинма командири
PPX,Бўстонлиқ ТИИБ 3-сон ИИБ ППХГ инспектори
PPX,ВИИББ ЖХХ ЖТСБ бошлиғи
PPX,ГУРУҲ КОМАНДИРИ
PPX,Гурух камандири
PPX,Етакчи мутахассис
PPX,ЖТСГ
PPX,ЖХД инспектори
PPX,Жамоат тартибини сақлаш бошқармаси бошлиғи ўринбосарлари
PPX,ИИВ
PPX,ИИВ ЖТСХ ППХ бўлим бошлиғи
PPX,ИИВ ўринбосари
PPX,Инспектор ходими
PPX,МТБ инспектор
PPX,МТБ инспектори
PPX,Отряд командири
PPX,Отряд командири ў/и
PPX,ППХ  Инспектор
PPX,ППХ  инспектор
PPX,ППХ  инспектори
PPX,ППХ ИСОМТЎХТО   Мутахассис
PPX,ППХ ИСОМТЎХТО инспектори
PPX,ППХ Инспектори 
PPX,ППХ инпектори 
PPX,ППХ инсектори
PPX,ППХ инспектор
PPX,ППХ инспектори
PPX,ППХ инспектори 
PPX,ППХ инспректор 
PPX,ППХ ипспектор
PPX,ППХБ  командирининг маънавий-маърифий ишлар бўйича ўринбосари
PPX,ППХБ КГ катта инспектори
PPX,ППХБ ТППХО гурух командири
PPX,ППХБ ТППХО командири
PPX,ППХБ ТППХО сафдор ходим
PPX,ППХБ ТППХО хайдовчи  ходим
PPX,ППХБ ТППХО хайдовчи ходим
PPX,ППХБ ХТГ инспектори
PPX,ППХБ ХТГ катта инспектори
PPX,ППХБ ХТЭГ инспектори
PPX,ППХБ инспектор-навбатчиси 
PPX,ППХБ командири ўринбосари – ИСОМТЎХТ отряди командири
PPX,ППХБ командирининг ММИБ ўринбосари
PPX,ППХБ командирининг МТТБ ўринбосари
PPX,ППХБ командирининг Хизмат бўйича ўринбосари
PPX,ППХБ командирининг моддий техника таъминоти бўйича ўринбосари
PPX,ППХБ командирининг хизмат бўйича ўринбосари
PPX,ППХБ командирининг ўринбосари-ИСОМТЎХТО командири
PPX,ППХБ коменданти
PPX,ППХБ навбатчи ёрдамчиси
PPX,ППХБ ҳайдовчиси
PPX,ППх инспектори
PPX,САФДОР ХОДИМ
PPX,Сафдор ходим
PPX,Сафдор ходими
PPX,Старший инспектор
PPX,Сув билан зарба бериш гуруҳи командири
PPX,Сув билан зарба бериш гуруҳи оператори
PPX,Сув билан зарба бериш гуруҳи ҳайдовчиси
PPX,Сурхандарё вилоят ИИБ ШМХ Саф бўлинмалари ППХО инспектори
PPX,"Текшириш, кузатиш ва тезкор ҳаракатланиш гуруҳ командирининг ўринбосари"
PPX,"Текшириш, кузатиш ва тезкор ҳаракатланиш гуруҳи командири"
PPX,"Текшириш, кузатиш ва тезкор ҳаракатланиш гуруҳи мутахассиси"
PPX,"Текшириш, кузатиш ва тезкор ҳаракатланиш гуруҳи ходими"
PPX,"Текшириш, кузатиш ва тезкор ҳаракатланишгуруҳи мутахассиси"
PPX,Тошкент шахар ИИББ ЖТСБ бош инспектори
PPX,Тошкент шаҳар Ички ишлар Бош бошқармаси бошлиғининг Жамоат тартибини сақлаш бўйича ўринбосари
PPX,Туман Жамоат хавфсизлиги хизмати бошлиғи
PPX,Туман Жамоат хавфсизлиги хизмати бошлиғи 
PPX,ХАЙДОВЧИ
PPX,ХТТБ ҲПГ катта инспектори
PPX,Хайдовчи
PPX,Хайдовчи  ходим
PPX,Хайдовчи ходими
PPX,батальон командири
PPX,бўлинма бошлиғи
PPX,бўлинма камандири 
PPX,бўлинма командири
PPX,гурух камандири
PPX,гурух командири
PPX,гурух командири 
PPX,гурух командири ўринбосари
PPX,гуруҳ командири
PPX,дознаватель
PPX,"екшириш, кузатиш ва тезкор ҳаракатланиш гуруҳи ходими"
PPX,инпектор
PPX,инспекиор
PPX,инспекитор
PPX,инспекор
PPX,инспектор
PPX,инспектор 
PPX,инспектори
PPX,инспкетор
PPX,инспктор
PPX,мутахассис
PPX,оператор
PPX,отряд командир ўринбосари
PPX,отряд командири
PPX,отряд командири ўринбосари
PPX,отряд командирининг маънавий ва маърифий ишлар бўйича ўринбосари
PPX,отряд командирининг тарбиявий ишлар бўйича ўринбосари
PPX,отряд командирининг хизмат бўйича ўринбосари
PPX,садор ходим
PPX,сафдор
PPX,сафдор 
PPX,сафдор хайдовчи
PPX,сафдор хайдовчм
PPX,сафдор ходим
PPX,сафдор ходим 
PPX,сафдор ходими
PPX,сафдор-ходим
PPX,сафдор-ходим 
PPX,сафдор-ходим  
PPX,сержант
PPX,транспорт ЖТСБ инспектори
PPX,туман Жамоат тартибини сақлаш бошқармаси бошлиғи
PPX,хайдwовчи
PPX,хайдовчи
PPX,хайдовчи ходим
PPX,хайдовчи ходим 
PPX,штқзулеўк
PPX,Ҳайдовчи ходим
PPX,ҳайдовчи ходим
PPX,null
null,Lavozim
null,super
null,Хизмат бошлиғи
null,null
