nid,strvalue,deleted,ncountryareaid,kladr
28,"{""ru_RU"": ""УКДОВД г.Фергана"", ""uz_UZ"": ""Фарғона шаҳар ИИО (ФМБ)""}",,15,15:20
29,"{""ru_RU"": ""УКДОВД г.Коканда"", ""uz_UZ"": ""Қўқон шаҳар  ИИО (ФМБ)""}",,15,15:16
30,"{""ru_RU"": ""ГОВД г.Кувасай"", ""uz_UZ"": ""Қувасой шаҳар""}",,15,15:18
31,"{""ru_RU"": ""ГОВД г.Маргилана"", ""uz_UZ"": ""Марғилон шаҳар""}",,15,15:19
32,"{""ru_RU"": ""РОВД Алтиарикского р-на"", ""uz_UZ"": ""Олтиариқ тумани""}",,15,15:07
33,"{""ru_RU"": ""РОВД Куштепинского р-на"", ""uz_UZ"": ""Қўштепа тумани""}",,15,15:08
34,"{""ru_RU"": ""РОВД Багдадского р-на"", ""uz_UZ"": ""Боғдод тумани""}",,15,15:01
35,"{""ru_RU"": ""РОВД Бувайдинского р-на"", ""uz_UZ"": ""Бувайда тумани""}",,15,15:03
36,"{""ru_RU"": ""РОВД Бешарикского р-на"", ""uz_UZ"": ""Бешариқ тумани""}",,15,15:02
37,"{""ru_RU"": ""РОВД Кувинского р-на"", ""uz_UZ"": ""Қува тумани""}",,15,15:06
38,"{""ru_RU"": ""РОВД Учкуприкского р-на"", ""uz_UZ"": ""Учкўприк тумани""}",,15,15:12
39,"{""ru_RU"": ""РОВД Риштанского р-на"", ""uz_UZ"": ""Риштон тумани""}",,15,15:21
40,"{""ru_RU"": ""РОВД Сохского р-на"", ""uz_UZ"": ""Сўх тумани""}",,15,15:10
41,"{""ru_RU"": ""РОВД Ташлакского р-на"", ""uz_UZ"": ""Тошлоқ тумани""}",,15,15:11
42,"{""ru_RU"": ""РОВД Узбекистанского р-на"", ""uz_UZ"": ""Ўзбекистон тумани""}",,15,15:15
43,"{""ru_RU"": ""РОВД Ферганского р-на"", ""uz_UZ"": ""Фарғона тумани""}",,15,15:13
44,"{""ru_RU"": ""РОВД Дангаринского р-на"", ""uz_UZ"": ""Данғара тумани""}",,15,15:04
45,"{""ru_RU"": ""РОВД Ёзванского р-на"", ""uz_UZ"": ""Ёзёвон тумани""}",,15,15:05
46,"{""ru_RU"": ""РОВД Фуркатского р-на"", ""uz_UZ"": ""Фурқат тумани""}",,15,15:14
47,"{""ru_RU"": ""ГОВД г.Нурафшон"", ""uz_UZ"": ""Нурафшон ш. ИББ""}",,11,11:21
48,"{""ru_RU"": ""УВД г. Чирчик"", ""uz_UZ"": ""Чирчик ш.ИИБ""}",,11,11:20
49,"{""ru_RU"": ""УВД Кибрайского р-на"", ""uz_UZ"": ""Кибрай т-ни ИИБ""}",,11,11:05
50,"{""ru_RU"": ""ОВД Бостанлыкского р-на"", ""uz_UZ"": ""Бостанлык т-ни ИИБ""}",,11,11:03
51,"{""ru_RU"": ""ОВД Паркентского р-на"", ""uz_UZ"": ""Паркент т-ни ИИБ""}",,11,11:09
52,"{""ru_RU"": ""ОВД Юкоричирчикского р-на"", ""uz_UZ"": ""Юкоричирчик т-ни ИИБ""}",,11,11:14
53,"{""ru_RU"": ""УВД г.Ангрен "", ""uz_UZ"": ""Ангрен ш. ИИБ""}",,11,11:16
54,"{""ru_RU"": ""ОВД г.Алмалык"", ""uz_UZ"": ""Олмалик ш. ИИБ""}",,11,11:18
55,"{""ru_RU"": ""ОВД Ахангаранского р-на"", ""uz_UZ"": ""Охангарон т-ни ИИБ""}",,11,11:08
56,"{""ru_RU"": ""ОВД г.Ахангаран"", ""uz_UZ"": ""Охангарон ш. ИИБ""}",,11,11:19
57,"{""ru_RU"": ""ОВД Пискентского р-на"", ""uz_UZ"": ""Пискент т-ни ИИБ""}",,11,11:10
58,"{""ru_RU"": ""ОВД Букинского р-на"", ""uz_UZ"": ""Бука т-ни ИИБ""}",,11,11:02
59,"{""ru_RU"": ""ОВД Бекабадского р-на"", ""uz_UZ"": ""Бекабод т-ни ИИБ""}",,11,11:01
60,"{""ru_RU"": ""ОВД Уртачирчикского р-на"", ""uz_UZ"": ""Уртачирчик т-ни ИИБ""}",,11,11:12
61,"{""ru_RU"": ""ОВД г.Бекабад "", ""uz_UZ"": ""Бекабод ш. ИИБ""}",,11,11:17
62,"{""ru_RU"": ""ОВД Аккурганского р-на"", ""uz_UZ"": ""Оккургон т-ни ИИБ""}",,11,11:07
63,"{""ru_RU"": ""ОВД Янгиюльского р-на"", ""uz_UZ"": ""Янгиюль т-ни ИИБ""}",,11,11:15
64,"{""ru_RU"": ""УВД Зангиатинского р-на"", ""uz_UZ"": ""Зангиота т-ни ИИБ""}",,11,11:04
65,"{""ru_RU"": ""ОВД Чиназского р-на"", ""uz_UZ"": ""Чиноз т-ни ИИБ""}",,11,11:13
66,"{""ru_RU"": ""ОВД Куйичирчикского р-на"", ""uz_UZ"": ""Куйичирчик т-ни ИИБ""}",,11,11:06
67,"{""ru_RU"": ""УВД Ташкентского р-на"", ""uz_UZ"": ""Тошкент т-ни ИИБ""}",,11,11:11
68,"{""ru_RU"": ""ОВД г.Янгиюль"", ""uz_UZ"": ""Янгиюль ш. ИИБ""}",,11,11:22
115,"{""ru_RU"": ""ГУВД г.Андижан"", ""uz_UZ"": ""Андижон шахар ИИОФМБ""}",f,17,17:15
116,"{""ru_RU"": ""ГУВД г.Андижан"", ""uz_UZ"": ""Андижон шахар ИИОФМБ""}",t,17,
117,"{""ru_RU"": ""РОВД Андижанского р-на"", ""uz_UZ"": ""Андижон туман ИИБ""}",f,17,17:01
118,"{""ru_RU"": ""ГУВД г.Наманган"", ""uz_UZ"": ""Наманган шаҳар ИИО ФМБ""}",f,16,16:12
119,"{""ru_RU"": ""РОВД Давлатабадского р-на"", ""uz_UZ"": ""Давлатобод туман ИИБ""}",t,16,16:13
120,"{""ru_RU"": ""РОВД Чустского р-на"", ""uz_UZ"": ""Чуст туман ИИБ""}",f,16,16:10
121,"{""ru_RU"": ""РОВД Мингбулакского р-на"", ""uz_UZ"": ""Мингбулоқ туман ИИБ""}",f,16,16:02
122,"{""ru_RU"": ""РОВД Касансайского р-на"", ""uz_UZ"": ""Косонсой туман ИИБ""}",f,16,16:01
123,"{""ru_RU"": ""РОВД Папского р-на"", ""uz_UZ"": ""Поп туман ИИБ""}",f,16,16:05
124,"{""ru_RU"": ""РОВД Учкурганского р-на"", ""uz_UZ"": ""Учқўрғон туман ИИБ""}",f,16,16:08
125,"{""ru_RU"": ""РОВД Чартакского р-на"", ""uz_UZ"": ""Чортоқ туман ИИБ""}",f,16,16:09
127,"{""ru_RU"": ""РОВД Янгикурганского р-на"", ""uz_UZ"": ""Янгиқўрғон туман ИИБ""}",f,16,16:11
128,"{""ru_RU"": ""РОВД Наманганского р-на"", ""uz_UZ"": ""Наманган туман ИИБ""}",f,16,16:03
129,"{""ru_RU"": ""РОВД Норинского р-на"", ""uz_UZ"": ""Норин туман ИИБ""}",f,16,16:04
130,"{""ru_RU"": ""РОВД Туракурганского р-на"", ""uz_UZ"": ""Тўрақўрғон туман ИИБ""}",f,16,16:06
131,"{""ru_RU"": ""РОВД Уйчинского р-на"", ""uz_UZ"": ""Уйчи туман ИИБ""}",f,16,16:07
132,"{""ru_RU"": ""РОВД Асакинского р-на"", ""uz_UZ"": ""Асака туман ИИБ""}",f,17,17:02
133,"{""ru_RU"": ""РОВД Балыкчинского р-на"", ""uz_UZ"": ""Балиқчи туман ИИБ""}",f,17,17:03
134,"{""ru_RU"": ""РОВД Булокбошинского р-на"", ""uz_UZ"": ""Булоқбоши туман ИИБ""}",f,17,17:04
135,"{""ru_RU"": ""РОВД Бустонского р-на"", ""uz_UZ"": ""Бўстон туман ИИБ""}",f,17,17:05
136,"{""ru_RU"": ""РОВД Жалакудукского р-на"", ""uz_UZ"": ""Жалақудуқ туман ИИБ""}",f,17,17:06
137,"{""ru_RU"": ""РОВД Избосканского р-на"", ""uz_UZ"": ""Избоскан туман ИИБ""}",f,17,17:07
138,"{""ru_RU"": ""РОВД Кургантепинского р-на"", ""uz_UZ"": ""Қўрғонтепа туман ИИБ""}",f,17,17:14
139,"{""ru_RU"": ""РОВД Мархаматского р-на"", ""uz_UZ"": ""Мархамат туман ИИБ""}",f,17,17:08
140,"{""ru_RU"": ""РОВД Олтинкульского р-на"", ""uz_UZ"": ""Олтинкўл туман ИИБ""}",f,17,17:09
141,"{""ru_RU"": ""РОВД Пахтаабадского р-на"", ""uz_UZ"": ""Пахтаобод туман ИИБ""}",f,17,17:10
142,"{""ru_RU"": ""РОВД Улугнорского р-на"", ""uz_UZ"": ""Улуғнор туман ИИБ""}",f,17,17:11
143,"{""ru_RU"": ""РОВД Худжаабадского р-на"", ""uz_UZ"": ""Хўжаобод туман ИИБ""}",f,17,17:12
144,"{""ru_RU"": ""РОВД г.Ханабад"", ""uz_UZ"": ""Хонобод шахар ИИБ""}",f,17,17:17
145,"{""ru_RU"": ""РОВД Шахриханского р-на"", ""uz_UZ"": ""Шахрихон туман ИИБ""}",f,17,17:13
146,"{""ru_RU"": ""УКДОВД г.Самарканда"", ""uz_UZ"": ""Самарқанд ш. ИИО ФМБ""}",f,14,14:16
147,"{""ru_RU"": ""ГОВД г.Каттакургана"", ""uz_UZ"": ""Каттақўрғон шаҳар ИИБ""}",f,14,14:15
148,"{""ru_RU"": ""ОВД Булунгурского р-на"", ""uz_UZ"": ""Булунғур туман ИИБ""}",f,14,14:01
149,"{""ru_RU"": ""ОВД Жамбайского р-на"", ""uz_UZ"": ""Жомбой туман ИИБ""}",f,14,14:02
150,"{""ru_RU"": ""ОВД Иштиханского р-на"", ""uz_UZ"": ""Иштихон туман ИИБ""}",f,14,14:03
151,"{""ru_RU"": ""ОВД Каттакурганского р-на"", ""uz_UZ"": ""Каттақўрғон туман ИИБ""}",f,14,14:05
152,"{""ru_RU"": ""ОВД Нарпайского р-на"", ""uz_UZ"": ""Нарпай туман ИИБ""}",f,14,14:06
153,"{""ru_RU"": ""ОВД Нурабадского р-на"", ""uz_UZ"": ""Нуробод туман ИИБ""}",f,14,14:07
154,"{""ru_RU"": ""ОВД Акдарьинского р-на"", ""uz_UZ"": ""Оқдарё туман ИИБ""}",f,14,14:08
155,"{""ru_RU"": ""ОВД Пайарыкского р-на"", ""uz_UZ"": ""Пайариқ туман ИИБ""}",f,14,14:09
156,"{""ru_RU"": ""ОВД Пастгаромского р-на"", ""uz_UZ"": ""Пастдарғом туман ИИБ""}",f,14,14:10
157,"{""ru_RU"": ""ОВД Пахтачинского р-на"", ""uz_UZ"": ""Пахтачи туман ИИБ""}",f,14,14:11
158,"{""ru_RU"": ""ОВД Самаркандского р-на"", ""uz_UZ"": ""Самарқанд туман ИИБ""}",f,14,14:12
159,"{""ru_RU"": ""ОВД Тайлякского р-на"", ""uz_UZ"": ""Тайлоқ туман ИИБ""}",f,14,14:13
160,"{""ru_RU"": ""ОВД Ургутского р-на"", ""uz_UZ"": ""Ургут туман ИИО ФМБ""}",f,14,14:14
161,"{""ru_RU"": ""ОВД Кушрабадского р-на"", ""uz_UZ"": ""Қўшробод туман ИИБ""}",f,14,14:04
162,"{""ru_RU"": ""УКДОВД г.Самарканда"", ""uz_UZ"": ""Самарқанд ш. ИИО ФМБ""}",t,14,
163,"{""ru_RU"": ""ГОВД г.Каттакургана"", ""uz_UZ"": ""Каттақўрғон шаҳар ИИБ""}",t,14,
164,"{""ru_RU"": ""ОВД Булунгурского р-на"", ""uz_UZ"": ""Булунғур туман ИИБ""}",t,14,
165,"{""ru_RU"": ""ОВД Жамбайского р-на"", ""uz_UZ"": ""Жомбой туман ИИБ""}",t,14,
166,"{""ru_RU"": ""ОВД Иштиханского р-на"", ""uz_UZ"": ""Иштихон туман ИИБ""}",t,14,
167,"{""ru_RU"": ""ОВД Каттакурганского р-на"", ""uz_UZ"": ""Каттақўрғон туман ИИБ""}",t,14,
168,"{""ru_RU"": ""ОВД Нарпайского р-на"", ""uz_UZ"": ""Нарпай туман ИИБ""}",t,14,
169,"{""ru_RU"": ""ОВД Нурабадского р-на"", ""uz_UZ"": ""Нуробод туман ИИБ""}",t,14,
170,"{""ru_RU"": ""ОВД Акдарьинского р-на"", ""uz_UZ"": ""Оқдарё туман ИИБ""}",t,14,
171,"{""ru_RU"": ""ОВД Пайарыкского р-на"", ""uz_UZ"": ""Пайариқ туман ИИБ""}",t,14,
172,"{""ru_RU"": ""ОВД Пастгаромского р-на"", ""uz_UZ"": ""Пастдарғом туман ИИБ""}",t,14,
173,"{""ru_RU"": ""ОВД Пахтачинского р-на"", ""uz_UZ"": ""Пахтачи туман ИИБ""}",t,14,
174,"{""ru_RU"": ""ОВД Самаркандского р-на"", ""uz_UZ"": ""Самарқанд туман ИИБ""}",t,14,
175,"{""ru_RU"": ""ОВД Тайлякского р-на"", ""uz_UZ"": ""Тайлоқ туман ИИБ""}",t,14,
176,"{""ru_RU"": ""ОВД Ургутского р-на"", ""uz_UZ"": ""Ургут туман ИИО ФМБ""}",t,14,
177,"{""ru_RU"": ""ОВД Кушрабадского р-на"", ""uz_UZ"": ""Қўшробод туман ИИБ""}",t,14,
178,"{""ru_RU"": ""ГУВД Джизакской области"", ""uz_UZ"": ""Жиззах вилояти ИИБ""}",t,13,13:14
179,"{""ru_RU"": ""УКД ОВД г.Джизак"", ""uz_UZ"": ""Жиззах ш. ИИО ФМБ""}",f,13,13:13
180,"{""ru_RU"": ""РОВД Ш.Рашидовского р-на"", ""uz_UZ"": ""Ш.Рашидов тумани ИИБ""}",f,13,13:04
181,"{""ru_RU"": ""РОВД Галяаральского р-на"", ""uz_UZ"": ""Ғаллаорол тумани ИИБ""}",f,13,13:03
182,"{""ru_RU"": ""РОВД Заминского р-на"", ""uz_UZ"": ""Зомин тумани ИИБ""}",f,13,13:08
183,"{""ru_RU"": ""РОВД Бахмальского р-на"", ""uz_UZ"": ""Бахмал тумани ИИБ""}",f,13,13:02
184,"{""ru_RU"": ""РОВД Арнасайского р-на"", ""uz_UZ"": ""Арнасой тумани ИИБ""}",f,13,13:01
185,"{""ru_RU"": ""РОВД Дустликского р-на"", ""uz_UZ"": ""Дўстлик тумани ИИБ""}",f,13,13:05
186,"{""ru_RU"": ""РОВД Зарбдорского р-на"", ""uz_UZ"": ""Зарбдор тумани ИИБ""}",f,13,13:06
187,"{""ru_RU"": ""РОВД Зафарабадского р-на"", ""uz_UZ"": ""Зафаробод тумани ИИБ""}",f,13,13:07
188,"{""ru_RU"": ""РОВД Пахтакорского р-на"", ""uz_UZ"": ""Пахтакор тумани ИИБ""}",f,13,13:10
189,"{""ru_RU"": ""РОВД Мирзачульского р-на"", ""uz_UZ"": ""Мирзачўл тумани ИИБ""}",f,13,13:09
190,"{""ru_RU"": ""РОВД Форишского р-на"", ""uz_UZ"": ""Фориш тумани ИИБ""}",f,13,13:11
191,"{""ru_RU"": ""РОВД Янгиабадского р-на"", ""uz_UZ"": ""Янгиобод тумани ИИБ""}",f,13,13:12
192,"{""ru_RU"": ""УКД ОВД г.Термез"", ""uz_UZ"": ""Термез шахар ИИОФМБ""}",f,19,0:00
193,"{""ru_RU"": ""РОВД Ш.Денауского р-на"", ""uz_UZ"": ""Денау т-ни ИИБ""}",f,19,18:14
194,"{""ru_RU"": ""УКД РОВД Термезского р-на"", ""uz_UZ"": ""Термез т-ни ИИОФМБ""}",f,19,18:11
195,"{""ru_RU"": ""РОВД Ангорского р-на"", ""uz_UZ"": ""Ангора т-ни ИИБ""}",f,19,18:09
196,"{""ru_RU"": ""РОВД Музрабатского р-на"", ""uz_UZ"": ""Музрабат т-ни ИИБ""}",f,19,18:07
197,"{""ru_RU"": ""РОВД Шерабадского р-на"", ""uz_UZ"": ""Шерабод т-ни ИИБ""}",f,19,18:02
198,"{""ru_RU"": ""РОВД Кизирикского р-на"", ""uz_UZ"": ""Кизирик т-ни ИИБ""}",f,19,18:13
199,"{""ru_RU"": ""РОВД Бандиханского р-на"", ""uz_UZ"": ""Бандихан т-ни ИИБ""}",f,19,18:04
200,"{""ru_RU"": ""РОВД Байсунского р-на"", ""uz_UZ"": ""Бойсун т-ни ИИБ""}",f,19,18:01
201,"{""ru_RU"": ""РОВД Жаркурганского р-на"", ""uz_UZ"": ""Жаркургон т-ни ИИБ""}",f,19,18:12
202,"{""ru_RU"": ""РОВД Кумкурганского р-на"", ""uz_UZ"": ""Кумкургон т-ни ИИБ""}",f,19,18:05
203,"{""ru_RU"": ""РОВД Шурчинского р-на"", ""uz_UZ"": ""Шурчи т-ни ИИБ""}",f,19,18:06
204,"{""ru_RU"": ""РОВД Олтинсайского р-на"", ""uz_UZ"": ""Олтинсой т-ни ИИБ""}",f,19,18:03
205,"{""ru_RU"": ""РОВД Сариасийского р-на"", ""uz_UZ"": ""Сариосиё т-ни ИИБ""}",f,19,18:10
206,"{""ru_RU"": ""РОВД Узунского р-на"", ""uz_UZ"": ""Узун т-ни ИИБ""}",f,19,18:16
207,"{""ru_RU"": ""УКД ОВД г.Карши"", ""uz_UZ"": ""Карши шахар ИИОФМБ""}",f,18,18:15
208,"{""ru_RU"": ""УКД РОВД Чиракчинского р-на"", ""uz_UZ"": ""Чирокчи т-ни ИИОФМБ""}",f,18,18:09
209,"{""ru_RU"": ""РОВД Китабского р-на"", ""uz_UZ"": ""Китаб т-ни ИИБ""}",f,18,18:04
210,"{""ru_RU"": ""РОВД Миришкорского р-на"", ""uz_UZ"": ""Миришкор т-ни ИИБ""}",f,18,18:01
211,"{""ru_RU"": ""РОВД Гузарского р-на"", ""uz_UZ"": ""Гузар т-ни ИИБ""}",f,18,18:14
212,"{""ru_RU"": ""РОВД Камашинского р-на"", ""uz_UZ"": ""Камаши т-ни ИИБ""}",f,18,18:12
213,"{""ru_RU"": ""РОВД Каршинского р-на"", ""uz_UZ"": ""Карши т-ни ИИБ""}",f,18,18:13
214,"{""ru_RU"": ""РОВД Касанского р-на"", ""uz_UZ"": ""Косон т-ни ИИБ""}",f,18,18:05
215,"{""ru_RU"": ""РОВД Нишанского р-на"", ""uz_UZ"": ""Нишон т-ни ИИБ""}",f,18,18:07
216,"{""ru_RU"": ""РОВД Касбинского р-на"", ""uz_UZ"": ""Касби т-ни ИИБ""}",f,18,18:03
217,"{""ru_RU"": ""РОВД Шахрисабзкого р-на"", ""uz_UZ"": ""Шахрисабз т-ни ИИБ""}",f,18,18:10
218,"{""ru_RU"": ""РОВД Яккабагского р-на"", ""uz_UZ"": ""Яккабог т-ни ИИБ""}",f,18,18:11
219,"{""ru_RU"": ""ГОВД г.Шахрисабз"", ""uz_UZ"": ""Шахрисабз ш. ИИБ""}",f,18,18:16
220,"{""ru_RU"": ""РОВД Дехканабадского р-на"", ""uz_UZ"": ""Дехконобод т-ни ИИБ""}",f,18,18:02
221,"{""ru_RU"": ""РОВД Мубарекского р-на"", ""uz_UZ"": ""Мубарак т-ни ИИБ""}",f,18,18:06
222,"{""ru_RU"": ""УКД ОВД г.Гулистан"", ""uz_UZ"": ""Гулистон шаҳар ИИО ФМБ""}",f,12,12:10
223,"{""ru_RU"": ""УКД ОВД г.Янгиёр"", ""uz_UZ"": ""Янгиер шаҳар ИИО ФМБ""}",f,12,12:11
224,"{""ru_RU"": ""УКД ОВД г.Ширин"", ""uz_UZ"": ""Ширин шаҳар ИИО ФМБ""}",f,12,12:09
225,"{""ru_RU"": ""ОВД Сырдарьинского р-на"", ""uz_UZ"": ""Сирдарё тумани ИИБ""}",f,12,12:07
226,"{""ru_RU"": ""ОВД Акалтынского р-на"", ""uz_UZ"": ""Оқолтин тумани ИИБ""}",f,12,12:04
227,"{""ru_RU"": ""ОВД Баявутского р-на"", ""uz_UZ"": ""Боёвут тумани ИИБ""}",f,12,12:01
228,"{""ru_RU"": ""ОВД Гулистанского р-на"", ""uz_UZ"": ""Гулистон тумани ИИБ""}",f,12,12:02
229,"{""ru_RU"": ""ОВД Хавастского р-на"", ""uz_UZ"": ""Ховос тумани ИИБ""}",f,12,12:08
230,"{""ru_RU"": ""ОВД Сардобинского р-на"", ""uz_UZ"": ""Сардоба тумани ИИБ""}",f,12,12:05
231,"{""ru_RU"": ""ОВД Сайхунабадского р-на"", ""uz_UZ"": ""Сайхунобод туман""}",f,12,12:06
232,"{""ru_RU"": ""ОВД Мирзаабадского р-на"", ""uz_UZ"": ""Мирзаобод туман""}",f,12,12:03
233,"{""ru_RU"": ""УКД ОВД г.Бухара"", ""uz_UZ"": ""Бухоро шаҳар  ИИО ФМБ""}",f,20,20:12
234,"{""ru_RU"": ""УКД ОВД Гиждуванского р-на"", ""uz_UZ"": ""Ғиждувон тумани ИИО ФМБ""}",f,20,20:11
235,"{""ru_RU"": ""ГУВД г.Каган"", ""uz_UZ"": ""Когон шаҳар ИИБ ""}",f,20,20:14
236,"{""ru_RU"": ""РОВД Бухарского р-на"", ""uz_UZ"": ""Бухоро тумани ИИБ ""}",f,20,20:01
237,"{""ru_RU"": ""РОВД Вобкентского р-на"", ""uz_UZ"": ""Вобкент тумани ИИБ ""}",f,20,20:02
238,"{""ru_RU"": ""РОВД Каракульского р-на"", ""uz_UZ"": ""Қоракўл тумани ИИБ ""}",f,20,20:10
239,"{""ru_RU"": ""РОВД Рамитанского р-на"", ""uz_UZ"": ""Ромитан тумани ИИБ ""}",f,20,20:07
240,"{""ru_RU"": ""РОВД Жандорского р-на"", ""uz_UZ"": ""Жондор тумани ИИБ ""}",f,20,20:03
241,"{""ru_RU"": ""РОВД Шафирканского р-на"", ""uz_UZ"": ""Шофиркон тумани ИИБ ""}",f,20,20:08
242,"{""ru_RU"": ""РОВД Алатского р-на"", ""uz_UZ"": ""Олот тумани ИИБ ""}",f,20,20:05
243,"{""ru_RU"": ""РОВД Пешкунского р-на"", ""uz_UZ"": ""Пешку тумани ИИБ""}",f,20,20:06
244,"{""ru_RU"": ""РОВД Каганского р-на"", ""uz_UZ"": ""Когон тумани ИИБ ""}",f,20,20:04
245,"{""ru_RU"": ""РОВД Караулбазарского р-на"", ""uz_UZ"": ""Қоровулбозор тумани ИИБ""}",f,20,20:09
246,"{""ru_RU"": ""УКД ОВД г.Ургенч"", ""uz_UZ"": ""Урганч шахар ИИО ФМБ""}",f,22,22:11
247,"{""ru_RU"": ""УКД ОВД Кошкупырского р-на"", ""uz_UZ"": ""Кушкупир тумани ИИО  ФМБ""}",f,22,22:09
248,"{""ru_RU"": ""РОВД Ургенчского р-на"", ""uz_UZ"": ""Урганч тумани ИИБ ""}",f,22,22:14
249,"{""ru_RU"": ""РОВД Багатского р-на"", ""uz_UZ"": ""Богот туман ИИБ""}",f,22,22:01
250,"{""ru_RU"": ""РОВД Тупраккалинского  р-на"", ""uz_UZ"": ""Тупроккалъа тумани ИИБ""}",f,22,22:13
251,"{""ru_RU"": ""РОВД Гурленского р-на"", ""uz_UZ"": ""Гурлан тумани ИИБ""}",f,22,22:02
252,"{""ru_RU"": ""РОВД Шаватского р-на"", ""uz_UZ"": ""Шовот тумани ИИБ""}",f,22,22:06
253,"{""ru_RU"": ""РОВД Хивинского р-на"", ""uz_UZ"": ""Хива тумани ИИБ""}",f,22,22:05
254,"{""ru_RU"": ""РОВД Хазараспского р-на"", ""uz_UZ"": ""Хазорасп тумани ИИБ""}",f,22,22:10
255,"{""ru_RU"": ""РОВД Янгибазарского р-на"", ""uz_UZ"": ""Янгибозор тумани ИИБ""}",f,22,22:08
256,"{""ru_RU"": ""ГУВД г.Хива"", ""uz_UZ"": ""Хива шахар ИИБ""}",f,22,22:12
257,"{""ru_RU"": ""РОВД Янгиарыкского р-на"", ""uz_UZ"": ""Янгиарик тумани ИИБ""}",f,22,22:07
258,"{""ru_RU"": ""РОВД Ханкинского р-на"", ""uz_UZ"": ""Хонқа тумани ИИБ""}",f,22,22:04
276,"{""ru_RU"": ""УКД ОВД г.Нукус"", ""uz_UZ"": ""Нукус шаҳар ИИО ФМБ""}",f,23,23:17
277,"{""ru_RU"": ""РОВД Турткульского р-на"", ""uz_UZ"": ""Тўрткўл ТИИБ""}",f,23,23:08
278,"{""ru_RU"": ""РОВД Кунградского р-на"", ""uz_UZ"": ""Қўнғирот ТИИБ""}",f,23,23:15
279,"{""ru_RU"": ""РОВД Кегейлийского р-на"", ""uz_UZ"": ""Кегейли ТИИБ""}",f,23,23:04
280,"{""ru_RU"": ""РОВД Элликалинского р-на"", ""uz_UZ"": ""Элликқалъа ТИИБ""}",f,23,23:12
281,"{""ru_RU"": ""РОВД Берунийского р-на"", ""uz_UZ"": ""Беруний ТИИБ""}",f,23,23:02
282,"{""ru_RU"": ""РОВД Амударьинского р-на"", ""uz_UZ"": ""Амударё ТИИБ""}",f,23,23:01
283,"{""ru_RU"": ""РОВД Тахиаташского р-на"", ""uz_UZ"": ""Тахиатош ТИИБ""}",f,23,23:18
284,"{""ru_RU"": ""РОВД Хужайлинского р-на"", ""uz_UZ"": ""Хужайли ТИИБ""}",f,23,23:09
285,"{""ru_RU"": ""РОВД Шуманайского р-на"", ""uz_UZ"": ""Шуманой ТИИБ""}",f,23,23:11
286,"{""ru_RU"": ""РОВД Канлыкульского р-на"", ""uz_UZ"": ""Конликул ТИИБ""}",f,23,23:13
287,"{""ru_RU"": ""РОВД Муйнакского р-на"", ""uz_UZ"": ""Муйнок ТИИБ""}",f,23,23:05
288,"{""ru_RU"": ""РОВД Тахтакупырского р-на"", ""uz_UZ"": ""Тахтакупир ТИИБ""}",f,23,23:07
289,"{""ru_RU"": ""РОВД Караузакского р-на"", ""uz_UZ"": ""Кораузак ТИИБ""}",f,23,23:14
290,"{""ru_RU"": ""РОВД Чимбайского р-на"", ""uz_UZ"": ""Чимбой ТИИБ ""}",f,23,23:10
291,"{""ru_RU"": ""РОВД Бузатовского р-на"", ""uz_UZ"": ""Бузатов ТИИБ""}",f,23,23:03
292,"{""ru_RU"": ""РОВД Нукусского р-на"", ""uz_UZ"": ""Нукус ТИИБ""}",f,23,23:06
293,"{""ru_RU"": ""УКД ОВД г.Навои"", ""uz_UZ"": ""Навоий шахар ИИО ФМБ""}",f,21,21:09
294,"{""ru_RU"": ""УВД г.Зарафшан"", ""uz_UZ"": ""Зарафшон шахар ИИБ""}",f,21,21:10
295,"{""ru_RU"": ""РОВД Карманинского р-на"", ""uz_UZ"": ""Кармана тумани ИИБ""}",f,21,21:03
296,"{""ru_RU"": ""РОВД Хатирчинского р-на"", ""uz_UZ"": ""Хатирчи тумани ИИБ""}",f,21,21:07
297,"{""ru_RU"": ""РОВД Навбахорского р-на"", ""uz_UZ"": ""Навбахор тумани ИИБ""}",f,21,21:02
298,"{""ru_RU"": ""РОВД Кызылтепинского р-на"", ""uz_UZ"": ""Кизилтепа тумани ИИБ""}",f,21,21:08
299,"{""ru_RU"": ""РОВД Канимехского р-на"", ""uz_UZ"": ""Конимех тумании ИИБ""}",f,21,21:01
300,"{""ru_RU"": ""РОВД Нуратинского р-на"", ""uz_UZ"": ""Нурота тумани ИИБ""}",f,21,21:04
301,"{""ru_RU"": ""РОВД Учкудуского р-на"", ""uz_UZ"": ""Учкудук тумани ИИБ""}",f,21,21:11
302,"{""ru_RU"": ""РОВД Тамдынского р-на"", ""uz_UZ"": ""Томди тумани ИИБ""}",f,21,21:05
303,"{""ru_RU"": ""РОВД Газганского р-на"", ""uz_UZ"": ""Гозгон тумани ИИБ""}",f,21,21:06
304,"{""ru_RU"": ""УКД ОВД Мирабадского р-на, ОВД-1"", ""uz_UZ"": ""Миробод ТИИОФМБ, 1-сон ИИБ""}",f,10,10:11
305,"{""ru_RU"": ""УКД ОВД М.Улугбеского р-на"", ""uz_UZ"": ""М.Улуғбек ТИИО ФМБ""}",f,10,10:09
306,"{""ru_RU"": ""УКД ОВД Юнусубадского р-на"", ""uz_UZ"": ""Юнусобод ТИИО ФМБ""}",f,10,10:07
307,"{""ru_RU"": ""УКД ОВД Яккасарайского р-на, ОВД-1"", ""uz_UZ"": ""Яккасарой ТИИО ФМБ, 1-сон ИИБ ""}",f,10,10:05
308,"{""ru_RU"": ""УКД ОВД Шайхантахурского р-на, ОВД-1"", ""uz_UZ"": ""Шайхонтаҳур ТИИО ФМБ, 1-сон ИИБ ""}",f,10,10:10
309,"{""ru_RU"": ""УКД ОВД Чиланзарского р-на"", ""uz_UZ"": ""Чилонзор ТИИО ФМБ""}",f,10,10:03
310,"{""ru_RU"": ""УКД ОВД Сергелийского р-на"", ""uz_UZ"": ""Серегели ТИИО ФМБ""}",f,10,10:06
311,"{""ru_RU"": ""УКД ОВД Яшнабадского р-на"", ""uz_UZ"": ""Яшнобод ТИИО ФМБ""}",f,10,10:04
312,"{""ru_RU"": ""УКД ОВД Алмазарского р-на"", ""uz_UZ"": ""Олмазор ТИИО ФМБ""}",f,10,10:08
313,"{""ru_RU"": ""УКД ОВД Учтепинского р-на"", ""uz_UZ"": ""Учтепа ТИИО ФМБ""}",f,10,10:01
314,"{""ru_RU"": ""УКД ОВД Бектемирского р-на, ОВД-1"", ""uz_UZ"": ""Бектемир ТИИОФМБ,  1-сон ИИБ ""}",f,10,10:02
315,"{""ru_RU"": ""УКД ОВД Янгихаётского р-на, ОВД-1"", ""uz_UZ"": ""Янгиҳаёт ТИИ ОФМБ 1-сон ИИБ ""}",f,10,10:12
316,"{""ru_RU"": ""УОБТ Ташкент регион"", ""uz_UZ"": ""Тошкент минтака ТХТБ""}",f,10,10:13
317,"{""ru_RU"": ""УОБ Аэропорт Ташкент"", ""uz_UZ"": ""Тошкент Аэропорт ХТБ""}",f,10,10:14
318,"{""ru_RU"": ""УОБ на метрополитене"", ""uz_UZ"": ""Метрополитенда ХТБ""}",f,10,10:15
319,"{""ru_RU"": ""УОБТ Самарканд"", ""uz_UZ"": ""Самарканд ТХТБ""}",f,14,
320,"{""ru_RU"": ""ООБТ Сырдарья"", ""uz_UZ"": ""Сирдарё ТХТБ""}",f,12,
321,"{""ru_RU"": ""ООБТ Джиззак"", ""uz_UZ"": ""Жиззах ТХТБ""}",f,13,
322,"{""ru_RU"": ""УОБТ Бухара"", ""uz_UZ"": ""Бухоро ТХТБ""}",f,20,
323,"{""ru_RU"": ""УОБТ Навоий"", ""uz_UZ"": ""Навоий ТХТБ""}",f,21,
324,"{""ru_RU"": ""УОБТ Фергана"", ""uz_UZ"": ""Фаргона ТХТБ""}",f,15,
325,"{""ru_RU"": ""УОБТ Андижан"", ""uz_UZ"": ""Андижон ТХТБ""}",f,17,
326,"{""ru_RU"": ""УОБТ Наманган"", ""uz_UZ"": ""Наманган ТХТБ""}",f,16,
327,"{""ru_RU"": ""УОБТ Сурхандарья"", ""uz_UZ"": ""Сурхондарё ТХТБ""}",f,19,
328,"{""ru_RU"": ""УОБТ Кашкадарья"", ""uz_UZ"": ""Кашкадарё ТХТБ""}",f,18,
329,"{""ru_RU"": ""УОБТ Хорезм"", ""uz_UZ"": ""Хоразм ТХТБ""}",f,22,
330,"{""ru_RU"": ""УОБТ Респ. Каракалпакистан"", ""uz_UZ"": ""Коракалпогистон Респ. ТХТБ""}",f,23,
331,"{""ru_RU"": ""СБДД ГУВД г.Ташкента"", ""uz_UZ"": ""Тошкент шаҳар ИИББ  ЙҲХХ ""}",f,10,
332,"{""ru_RU"": ""СБДД УВД Самаркандской области"", ""uz_UZ"": ""Самарқанд вилояти ИИБ  ЙҲХХ""}",f,14,
333,"{""ru_RU"": ""СБДД УВД Сырдарьинской области"", ""uz_UZ"": ""Сирдарё вилояти ИИБ  ЙҲХХ""}",f,12,
334,"{""ru_RU"": ""СБДД УВД Джиззакской области"", ""uz_UZ"": ""Жиззах вилояти ИИБ  ЙҲХХ""}",f,13,
335,"{""ru_RU"": ""СБДД УВД Бухарской области"", ""uz_UZ"": ""Бухоро вилояти ИИБ  ЙҲХХ""}",f,20,
336,"{""ru_RU"": ""СБДД УВД Навоийской области"", ""uz_UZ"": ""Навоий вилояти ИИБ  ЙҲХХ""}",f,21,
337,"{""ru_RU"": ""СБДД УВД Ферганской области"", ""uz_UZ"": ""Фарғона вилояти ИИБ  ЙҲХХ""}",f,15,
338,"{""ru_RU"": ""СБДД УВД Андижанской области"", ""uz_UZ"": ""Андижон вилояти ИИБ  ЙҲХХ""}",f,17,
339,"{""ru_RU"": ""СБДД УВД Наманганской области"", ""uz_UZ"": ""Наманган вилояти ИИБ  ЙҲХХ""}",f,16,
340,"{""ru_RU"": ""СБДД УВД Сурхандарьинской области"", ""uz_UZ"": ""Сурхондарё вилояти  ЙҲХХ""}",f,19,
341,"{""ru_RU"": ""СБДД УВД Кашкадарьинской области"", ""uz_UZ"": ""Қашқадарё вилояти ИИБ  ЙҲХХ""}",f,18,
342,"{""ru_RU"": ""СБДД Хорезмской области"", ""uz_UZ"": ""Хоразм вилояти ИИБ  ЙҲХХ""}",f,22,
343,"{""ru_RU"": ""СБДД МВД Республики Каракалпакистан"", ""uz_UZ"": ""Қорақалпоғистон Респ. ИИВ  ЙҲХХ""}",f,23,
344,"{""ru_RU"": ""СБДД ГУВД Ташкентской области"", ""uz_UZ"": ""Тошкент вилояти ИИББ  ЙҲХХ""}",f,11,
345,"{""ru_RU"": ""РОВД Кукдалинского района"", ""uz_UZ"": ""Кўкдала тумани""}",f,18,18:08
346,"{""ru_RU"": ""Управление  НГ по  г.Ташкент"", ""uz_UZ"": ""Тошкент шаҳри бўйича МГ   бошқармаси""}",f,10,
347,"{""ru_RU"": ""Управление НГ по Ташкентской области"", ""uz_UZ"": ""Тошкент вилояти бўйича МГ бошқармаси""}",f,11,
348,"{""ru_RU"": ""Управление НГ по Самаркандской области"", ""uz_UZ"": ""Самарқанд вилояти бўйича МГ бошқармаси""}",f,14,
349,"{""ru_RU"": ""Управление НГ по Сырдарьинской области"", ""uz_UZ"": ""Сирдарё вилояти бўйича МГ бошқармаси""}",f,12,
350,"{""ru_RU"": ""Управление НГ по Джизакской области"", ""uz_UZ"": ""Жиззах вилояти бўйича МГ бошқармаси""}",f,13,
351,"{""ru_RU"": ""Управление НГ по Бухарской области"", ""uz_UZ"": ""Бухоро вилояти бўйича МГ бошқармаси""}",f,20,
352,"{""ru_RU"": ""Управление НГ по Навоийской области"", ""uz_UZ"": ""Навоий  вилояти бўйича МГ бошқармаси""}",f,21,
353,"{""ru_RU"": ""Управление НГ по Ферганской области"", ""uz_UZ"": ""Фарғона вилояти бўйича МГ бошқармаси""}",f,15,
354,"{""ru_RU"": ""Управление НГ по Андижанской области"", ""uz_UZ"": ""Андижон вилояти бўйича МГ  бошкармаси""}",f,17,
355,"{""ru_RU"": ""Управление НГ по Наманганскойй области"", ""uz_UZ"": ""Наманган вилояти бўйича МГ бошқармаси""}",f,16,
356,"{""ru_RU"": ""Управление НГ по Сурхандарьинской области"", ""uz_UZ"": ""Сурхондарё вилояти бўйича МГ бошқармаси""}",f,19,
357,"{""ru_RU"": ""Управление НГ по Кашкадарьинской области"", ""uz_UZ"": ""Қашқадарё вилояти бўйича МГ бошқармаси""}",f,18,
358,"{""ru_RU"": ""Управление НГ по Хорезмской области"", ""uz_UZ"": ""Хоразм вилояти бўйича МГ бошқармаси""}",f,22,
359,"{""ru_RU"": ""Управление НГ по Республике Каракалпакстан"", ""uz_UZ"": ""Қорақалпоғистон Республикаси бўйича МГ бошқармаси""}",f,23,
364,"{""ru_RU"": ""тест 2 уровень"", ""uz_UZ"": ""шаҳар""}",f,15,
365,"{""ru_RU"": ""Отдел кибербезопасности г.Ташкент"", ""uz_UZ"": ""Кiberxavfsizlik bo'limi Тошкент ш.""}",f,10,
