nid,strvalue,deleted,ndeptid,ovd_number
10,"{""ru_RU"": ""ОВД-1"", ""uz_UZ"": ""1-сонли ИИБ""}",f,117,1
11,"{""ru_RU"": ""ОВД-1"", ""uz_UZ"": ""1-сонли ИИБ""}",t,117,
12,"{""ru_RU"": ""ОВД-2"", ""uz_UZ"": ""2-сонли ИИБ""}",f,118,2
13,"{""ru_RU"": ""ОВД-3"", ""uz_UZ"": ""3-сонли ИИБ""}",f,118,3
14,"{""ru_RU"": ""ОВД-4"", ""uz_UZ"": ""4-сонли ИИБ""}",f,118,4
15,"{""ru_RU"": ""Нет ОВД"", ""uz_UZ"": ""ИИБ йук""}",f,119,0
16,"{""ru_RU"": ""ОВД-11"", ""uz_UZ"": ""11-сонли ИИБ""}",f,120,11
17,"{""ru_RU"": ""ОВД-5"", ""uz_UZ"": ""5-сонли ИИБ""}",f,121,5
18,"{""ru_RU"": ""ОВД-6"", ""uz_UZ"": ""6-сонли ИИБ""}",f,122,6
19,"{""ru_RU"": ""ОВД-7"", ""uz_UZ"": ""7-сонли ИИБ""}",f,123,7
20,"{""ru_RU"": ""ОВД-8"", ""uz_UZ"": ""8-сонли ИИБ""}",f,124,8
21,"{""ru_RU"": ""ОВД-9"", ""uz_UZ"": ""9-сонли ИИБ""}",f,125,9
22,"{""ru_RU"": ""ОВД-10"", ""uz_UZ"": ""10-сонли ИИБ""}",f,127,10
23,"{""ru_RU"": ""Нет ОВД"", ""uz_UZ"": ""ИИБ йук""}",f,128,0
24,"{""ru_RU"": ""Нет ОВД"", ""uz_UZ"": ""ИИБ йук""}",f,129,0
25,"{""ru_RU"": ""Нет ОВД"", ""uz_UZ"": ""ИИБ йук""}",f,130,0
26,"{""ru_RU"": ""Нет ОВД"", ""uz_UZ"": ""ИИБ йук""}",f,131,0
27,"{""ru_RU"": ""ОВД-2"", ""uz_UZ"": ""2-сонли ИИБ""}",f,117,2
28,"{""ru_RU"": ""ОВД-3"", ""uz_UZ"": ""3-сонли ИИБ""}",f,117,3
29,"{""ru_RU"": ""ОВД-1"", ""uz_UZ"": ""1-сонли ИИБ""}",f,115,1
30,"{""ru_RU"": ""ОВД-2"", ""uz_UZ"": ""2-сонли ИИБ""}",f,115,2
31,"{""ru_RU"": ""ОВД-3"", ""uz_UZ"": ""3-сонли ИИБ""}",f,115,3
32,"{""ru_RU"": ""ОВД-4"", ""uz_UZ"": ""4-сонли ИИБ""}",f,115,4
33,"{""ru_RU"": ""ОВД-4"", ""uz_UZ"": ""4-сонли ИИБ""}",f,132,4
34,"{""ru_RU"": ""ОВД-5"", ""uz_UZ"": ""5-сонли ИИБ""}",f,133,5
35,"{""ru_RU"": ""Нет ОВД"", ""uz_UZ"": ""ИИБ йук""}",f,134,0
36,"{""ru_RU"": ""Нет ОВД"", ""uz_UZ"": ""ИИБ йук""}",f,135,0
37,"{""ru_RU"": ""ОВД-6"", ""uz_UZ"": ""6-сонли ИИБ""}",f,136,6
38,"{""ru_RU"": ""ОВД-7"", ""uz_UZ"": ""7-сонли ИИБ""}",f,136,7
39,"{""ru_RU"": ""ОВД-8"", ""uz_UZ"": ""8-сонли ИИБ""}",f,137,8
40,"{""ru_RU"": ""ОВД-13"", ""uz_UZ"": ""13-сонли ИИБ""}",f,138,13
41,"{""ru_RU"": ""ОВД-14"", ""uz_UZ"": ""14-сонли ИИБ""}",f,138,14
42,"{""ru_RU"": ""ОВД-9"", ""uz_UZ"": ""9-сонли ИИБ""}",f,139,9
43,"{""ru_RU"": ""ОВД-10"", ""uz_UZ"": ""10-сонли ИИБ""}",f,140,10
44,"{""ru_RU"": ""ОВД-11"", ""uz_UZ"": ""11-сонли ИИБ""}",f,141,11
45,"{""ru_RU"": ""Нет ОВД"", ""uz_UZ"": ""ИИБ йук""}",f,142,0
46,"{""ru_RU"": ""ОВД-12"", ""uz_UZ"": ""12-сонли ИИБ""}",f,143,12
47,"{""ru_RU"": ""Нет ОВД"", ""uz_UZ"": ""ИИБ йук""}",f,144,0
48,"{""ru_RU"": ""Нет ОВД"", ""uz_UZ"": ""ИИБ йук""}",f,145,0
49,"{""ru_RU"": ""ОВД-1"", ""uz_UZ"": ""1-сонли ИИБ""}",f,146,1
50,"{""ru_RU"": ""ОВД-2"", ""uz_UZ"": ""2-сонли ИИБ""}",f,146,2
51,"{""ru_RU"": ""ОВД-3"", ""uz_UZ"": ""3-сонли ИИБ""}",f,146,3
52,"{""ru_RU"": ""ОВД-4"", ""uz_UZ"": ""4-сонли ИИБ""}",f,146,4
53,"{""ru_RU"": ""ОВД-5"", ""uz_UZ"": ""5-сонли ИИБ""}",f,146,5
54,"{""ru_RU"": ""ОВД-6"", ""uz_UZ"": ""6-сонли ИИБ""}",f,146,6
55,"{""ru_RU"": ""ОВД-7"", ""uz_UZ"": ""7-сонли ИИБ""}",f,146,7
56,"{""ru_RU"": ""ОВД-8"", ""uz_UZ"": ""8-сонли ИИБ""}",f,146,8
57,"{""ru_RU"": ""ОВД-9"", ""uz_UZ"": ""9-сонли ИИБ""}",f,146,9
58,"{""ru_RU"": ""Нет ОВД"", ""uz_UZ"": ""ИИБ йук""}",f,147,0
59,"{""ru_RU"": ""ОВД-10"", ""uz_UZ"": ""10-сонли ИИБ""}",f,148,10
60,"{""ru_RU"": ""Нет ОВД"", ""uz_UZ"": ""ИИБ йук""}",f,149,0
61,"{""ru_RU"": ""ОВД-11"", ""uz_UZ"": ""11-сонли ИИБ""}",f,150,11
62,"{""ru_RU"": ""ОВД-12"", ""uz_UZ"": ""12-сонли ИИБ""}",f,151,12
63,"{""ru_RU"": ""ОВД-13"", ""uz_UZ"": ""13-сонли ИИБ""}",f,151,13
64,"{""ru_RU"": ""Нет ОВД"", ""uz_UZ"": ""ИИБ йук""}",f,152,0
65,"{""ru_RU"": ""ОВД-15"", ""uz_UZ"": ""15-сонли ИИБ""}",f,153,15
66,"{""ru_RU"": ""ОВД-16"", ""uz_UZ"": ""16-сонли ИИБ""}",f,153,16
67,"{""ru_RU"": ""ОВД-9"", ""uz_UZ"": ""9-сонли ИИБ""}",f,154,9
68,"{""ru_RU"": ""ОВД-17"", ""uz_UZ"": ""17-сонли ИИБ""}",f,155,17
69,"{""ru_RU"": ""ОВД-18"", ""uz_UZ"": ""18-сонли ИИБ""}",f,155,18
70,"{""ru_RU"": ""ОВД-19"", ""uz_UZ"": ""19-сонли ИИБ""}",f,156,19
71,"{""ru_RU"": ""ОВД-20"", ""uz_UZ"": ""20-сонли ИИБ""}",f,156,20
72,"{""ru_RU"": ""Нет ОВД"", ""uz_UZ"": ""ИИБ йук""}",f,157,0
73,"{""ru_RU"": ""ОВД-21"", ""uz_UZ"": ""21-сонли ИИБ""}",f,158,21
74,"{""ru_RU"": ""ОВД-22"", ""uz_UZ"": ""22-сонли ИИБ""}",f,158,22
75,"{""ru_RU"": ""Нет ОВД"", ""uz_UZ"": ""ИИБ йук""}",f,159,0
76,"{""ru_RU"": ""ОВД-1"", ""uz_UZ"": ""1-сонли ИИБ""}",f,160,1
77,"{""ru_RU"": ""ОВД-2"", ""uz_UZ"": ""2-сонли ИИБ""}",f,160,2
78,"{""ru_RU"": ""ОВД-3"", ""uz_UZ"": ""3-сонли ИИБ""}",f,160,3
79,"{""ru_RU"": ""ОВД-4"", ""uz_UZ"": ""4-сонли ИИБ""}",f,160,4
80,"{""ru_RU"": ""ОВД-5"", ""uz_UZ"": ""5-сонли ИИБ""}",f,160,5
81,"{""ru_RU"": ""ОВД-6"", ""uz_UZ"": ""6-сонли ИИБ""}",f,160,6
82,"{""ru_RU"": ""ОВД-14"", ""uz_UZ"": ""14-сонли ИИБ""}",f,161,14
83,"{""ru_RU"": ""ОВД-1"", ""uz_UZ"": ""1-сонли ИИБ""}",f,179,1
84,"{""ru_RU"": ""ОВД-2"", ""uz_UZ"": ""2-сонли ИИБ""}",f,179,2
85,"{""ru_RU"": ""ОВД-3"", ""uz_UZ"": ""3-сонли ИИБ""}",f,179,3
86,"{""ru_RU"": ""ОВД-4"", ""uz_UZ"": ""4-сонли ИИБ""}",f,179,4
87,"{""ru_RU"": ""ОВД-7"", ""uz_UZ"": ""7-сонли ИИБ""}",f,180,7
88,"{""ru_RU"": ""ОВД-8"", ""uz_UZ"": ""8-сонли ИИБ""}",f,180,8
89,"{""ru_RU"": ""ОВД-9"", ""uz_UZ"": ""9-сонли ИИБ""}",f,180,9
90,"{""ru_RU"": ""ОВД-5"", ""uz_UZ"": ""5-сонли ИИБ""}",f,181,5
91,"{""ru_RU"": ""ОВД-6"", ""uz_UZ"": ""6-сонли ИИБ""}",f,181,6
92,"{""ru_RU"": ""ОВД-1"", ""uz_UZ"": ""1-сонли ИИБ""}",f,182,1
93,"{""ru_RU"": ""ОВД-2"", ""uz_UZ"": ""2-сонли ИИБ""}",f,182,2
94,"{""ru_RU"": ""ОВД-3"", ""uz_UZ"": ""3-сонли ИИБ""}",f,182,3
95,"{""ru_RU"": ""ОВД-4"", ""uz_UZ"": ""4-сонли ИИБ""}",f,182,4
96,"{""ru_RU"": ""ОВД-3"", ""uz_UZ"": ""3-сонли ИИБ""}",f,183,3
97,"{""ru_RU"": ""ОВД-4"", ""uz_UZ"": ""4-сонли ИИБ""}",f,183,4
98,"{""ru_RU"": ""ОВД-13"", ""uz_UZ"": ""13-сонли ИИБ""}",f,190,13
104,"{""ru_RU"": ""ОВД  №1"", ""uz_UZ"": ""1-сон ИИБ""}",,28,1
105,"{""ru_RU"": ""ОВД №2"", ""uz_UZ"": ""2-сон ИИБ""}",,28,2
106,"{""ru_RU"": ""ОВД №3"", ""uz_UZ"": ""3-сон ИИБ""}",,28,3
107,"{""ru_RU"": ""ОВД №4"", ""uz_UZ"": ""4-сон ИИБ""}",,28,4
108,"{""ru_RU"": ""ОВД  №1"", ""uz_UZ"": ""1-сон ИИБ""}",,29,1
109,"{""ru_RU"": ""ОВД №2"", ""uz_UZ"": ""2-сон ИИБ""}",,29,2
110,"{""ru_RU"": ""ОВД №3"", ""uz_UZ"": ""3-сон ИИБ""}",,29,3
111,"{""ru_RU"": ""ОВД №4"", ""uz_UZ"": ""4-сон ИИБ""}",,29,4
112,"{""ru_RU"": ""ГОВД"", ""uz_UZ"": ""ИИБ""}",,30,0
113,"{""ru_RU"": ""ОВД №3"", ""uz_UZ"": ""3-сон ИИБ""}",,30,3
114,"{""ru_RU"": ""ГОВД"", ""uz_UZ"": ""ИИБ""}",,31,0
115,"{""ru_RU"": ""ОВД №4"", ""uz_UZ"": ""4-сон ИИБ""}",,31,4
116,"{""ru_RU"": ""ОВД №16"", ""uz_UZ"": ""16-сон ИИБ""}",,32,16
117,"{""ru_RU"": ""ОВД №5"", ""uz_UZ"": ""5-сон ИИБ""}",,33,5
118,"{""ru_RU"": ""Нет ОВД"", ""uz_UZ"": ""ИИБ йук""}",,34,0
119,"{""ru_RU"": ""ОВД №6"", ""uz_UZ"": ""6-сон ИИБ""}",,35,6
120,"{""ru_RU"": ""ОВД №7"", ""uz_UZ"": ""7-сон ИИБ""}",,36,7
121,"{""ru_RU"": ""ОВД №8"", ""uz_UZ"": ""8-сон ИИБ""}",,37,8
122,"{""ru_RU"": ""ОВД №9"", ""uz_UZ"": ""9-сон ИИБ""}",,38,9
123,"{""ru_RU"": ""Нет ОВД"", ""uz_UZ"": ""ИИБ йук""}",,39,0
124,"{""ru_RU"": ""ОВД №10"", ""uz_UZ"": ""10-сон ИИБ""}",,40,10
125,"{""ru_RU"": ""ОВД №11"", ""uz_UZ"": ""11-сон ИИБ""}",,40,11
126,"{""ru_RU"": ""Нет ОВД"", ""uz_UZ"": ""ИИБ йук""}",,41,0
127,"{""ru_RU"": ""ОВД №12"", ""uz_UZ"": ""12-сон ИИБ""}",,42,12
128,"{""ru_RU"": ""ОВД №13"", ""uz_UZ"": ""13-сон ИИБ""}",,43,13
129,"{""ru_RU"": ""ОВД №14"", ""uz_UZ"": ""14-сон ИИБ""}",,43,14
130,"{""ru_RU"": ""ОВД №15"", ""uz_UZ"": ""15-сон ИИБ""}",,44,15
131,"{""ru_RU"": ""Нет ОВД"", ""uz_UZ"": ""ИИБ йук""}",,45,0
132,"{""ru_RU"": ""Нет ОВД"", ""uz_UZ"": ""ИИБ йук""}",,46,0
133,"{""ru_RU"": ""ОВД №1"", ""uz_UZ"": ""1-сон ИИБ ""}",,48,1
134,"{""ru_RU"": ""ОВД №2"", ""uz_UZ"": ""2-сон ИИБ""}",,48,2
135,"{""ru_RU"": ""ОВД №3"", ""uz_UZ"": ""3-сон ИИБ""}",,48,3
136,"{""ru_RU"": ""ОВД №4"", ""uz_UZ"": ""4-сон ИИБ""}",,48,4
137,"{""ru_RU"": ""ОВД №5"", ""uz_UZ"": ""5-сон ИИБ""}",,49,5
138,"{""ru_RU"": ""ОВД №6"", ""uz_UZ"": ""6-сон ИИБ""}",,49,6
139,"{""ru_RU"": ""ОВД №7"", ""uz_UZ"": ""7-сон ИИБ""}",,49,7
140,"{""ru_RU"": ""ОВД №8"", ""uz_UZ"": ""8-сон ИИБ""}",,49,8
141,"{""ru_RU"": ""ОВД №9"", ""uz_UZ"": ""9-сон ИИБ""}",,50,9
142,"{""ru_RU"": ""ОВД №10"", ""uz_UZ"": ""10-сон ИИБ""}",,50,10
143,"{""ru_RU"": ""ОВД №11"", ""uz_UZ"": ""11-сон ИИБ""}",,50,11
144,"{""ru_RU"": ""ОВД №12"", ""uz_UZ"": ""12-сон ИИБ""}",,51,12
145,"{""ru_RU"": ""ОВД №13"", ""uz_UZ"": ""13-сон ИИБ""}",,52,13
146,"{""ru_RU"": ""ОВД №1"", ""uz_UZ"": ""1-сон ИИБ""}",,53,1
147,"{""ru_RU"": ""ОВД №2"", ""uz_UZ"": ""2-сон ИИБ""}",,53,2
148,"{""ru_RU"": ""ОВД №3"", ""uz_UZ"": ""3-сон ИИБ""}",,53,3
149,"{""ru_RU"": ""ОВД №4"", ""uz_UZ"": ""4-сон ИИБ""}",,53,4
150,"{""ru_RU"": ""ОВД №5"", ""uz_UZ"": ""5-сон ИИБ""}",,54,5
151,"{""ru_RU"": ""ОВД №6"", ""uz_UZ"": ""6-сон ИИБ""}",,56,6
152,"{""ru_RU"": ""ОВД №1"", ""uz_UZ"": ""1-сон ИИБ""}",,58,1
153,"{""ru_RU"": ""ОВД №2"", ""uz_UZ"": ""2-сон ИИБ""}",,59,2
154,"{""ru_RU"": ""ОВД №3"", ""uz_UZ"": ""3-сон ИИБ""}",,60,3
155,"{""ru_RU"": ""ОВД №1"", ""uz_UZ"": ""1-сон ИИБ""}",,63,1
156,"{""ru_RU"": ""ОВД №2"", ""uz_UZ"": ""2-сон ИИБ""}",,63,2
157,"{""ru_RU"": ""ОВД №3"", ""uz_UZ"": ""3-сон ИИБ""}",,63,3
158,"{""ru_RU"": ""ОВД №4"", ""uz_UZ"": ""4-сон ИИБ""}",,64,4
159,"{""ru_RU"": ""ОВД №5"", ""uz_UZ"": ""5-сон ИИБ""}",,64,5
160,"{""ru_RU"": ""ОВД №6"", ""uz_UZ"": ""6-сон ИИБ""}",,64,6
161,"{""ru_RU"": ""ОВД №7"", ""uz_UZ"": ""7-сон ИИБ""}",,65,7
162,"{""ru_RU"": ""ОВД №8"", ""uz_UZ"": ""8-сон ИИБ""}",,65,8
163,"{""ru_RU"": ""ОВД №9"", ""uz_UZ"": ""9-сон ИИБ""}",,66,9
164,"{""ru_RU"": ""ОВД №10"", ""uz_UZ"": ""10-сон ИИБ""}",,67,10
165,"{""ru_RU"": ""ОВД №11"", ""uz_UZ"": ""11-сон ИИБ""}",,67,11
166,"{""ru_RU"": ""ОВД №12"", ""uz_UZ"": ""12-сон ИИБ""}",,67,12
167,"{""ru_RU"": ""ГОВД г.Нурафшон"", ""uz_UZ"": ""Нурафшон ш. ИББ""}",,47,0
168,"{""ru_RU"": ""ОВД г.Ахангаран"", ""uz_UZ"": ""Охангарон ш. ИИБ""}",,56,0
169,"{""ru_RU"": ""ОВД Пискентского р-на"", ""uz_UZ"": ""Пискент т-ни ИИБ""}",,57,0
170,"{""ru_RU"": ""ОВД г.Бекабад "", ""uz_UZ"": ""Бекабод ш. ИИБ""}",,61,0
171,"{""ru_RU"": ""ОВД Аккурганского р-на"", ""uz_UZ"": ""Оккургон т-ни ИИБ""}",,62,0
172,"{""ru_RU"": ""ОВД г.Янгиюль"", ""uz_UZ"": ""Янгиюль ш. ИИБ""}",,68,0
173,"{""ru_RU"": ""Нет ОВД"", ""uz_UZ"": ""ИИБ йук""}",f,184,0
180,"{""ru_RU"": ""Нет ОВД"", ""uz_UZ"": ""ИИБ йук""}",f,185,0
181,"{""ru_RU"": ""Нет ОВД"", ""uz_UZ"": ""ИИБ йук""}",f,186,0
182,"{""ru_RU"": ""Нет ОВД"", ""uz_UZ"": ""ИИБ йук""}",f,187,0
183,"{""ru_RU"": ""Нет ОВД"", ""uz_UZ"": ""ИИБ йук""}",f,188,0
184,"{""ru_RU"": ""Нет ОВД"", ""uz_UZ"": ""ИИБ йук""}",f,189,0
185,"{""ru_RU"": ""Нет ОВД"", ""uz_UZ"": ""ИИБ йук""}",f,191,0
186,"{""ru_RU"": ""ОВД-1"", ""uz_UZ"": ""1-сонли ИИБ""}",f,192,1
187,"{""ru_RU"": ""ОВД-2"", ""uz_UZ"": ""2-сонли ИИБ""}",f,192,2
188,"{""ru_RU"": ""ОВД-3"", ""uz_UZ"": ""3-сонли ИИБ""}",t,192,3
189,"{""ru_RU"": ""ОВД-4"", ""uz_UZ"": ""4-сонли ИИБ""}",t,192,4
190,"{""ru_RU"": ""ОВД-1"", ""uz_UZ"": ""1-сонли ИИБ""}",f,193,1
191,"{""ru_RU"": ""ОВД-2"", ""uz_UZ"": ""2-сонли ИИБ""}",f,193,2
192,"{""ru_RU"": ""ОВД-3"", ""uz_UZ"": ""3-сонли ИИБ""}",f,193,3
193,"{""ru_RU"": ""ОВД-4"", ""uz_UZ"": ""4-сонли ИИБ""}",f,193,4
194,"{""ru_RU"": ""Нет ОВД"", ""uz_UZ"": ""ИИБ йук""}",f,194,0
195,"{""ru_RU"": ""Нет ОВД"", ""uz_UZ"": ""ИИБ йук""}",f,195,0
196,"{""ru_RU"": ""Нет ОВД"", ""uz_UZ"": ""ИИБ йук""}",f,196,0
197,"{""ru_RU"": ""Нет ОВД"", ""uz_UZ"": ""ИИБ йук""}",f,197,0
198,"{""ru_RU"": ""Нет ОВД"", ""uz_UZ"": ""ИИБ йук""}",f,198,0
199,"{""ru_RU"": ""Нет ОВД"", ""uz_UZ"": ""ИИБ йук""}",f,199,0
200,"{""ru_RU"": ""Нет ОВД"", ""uz_UZ"": ""ИИБ йук""}",f,200,0
201,"{""ru_RU"": ""Нет ОВД"", ""uz_UZ"": ""ИИБ йук""}",f,201,0
202,"{""ru_RU"": ""Нет ОВД"", ""uz_UZ"": ""ИИБ йук""}",f,202,0
203,"{""ru_RU"": ""Нет ОВД"", ""uz_UZ"": ""ИИБ йук""}",f,203,0
204,"{""ru_RU"": ""Нет ОВД"", ""uz_UZ"": ""ИИБ йук""}",f,204,0
205,"{""ru_RU"": ""Нет ОВД"", ""uz_UZ"": ""ИИБ йук""}",f,205,0
206,"{""ru_RU"": ""Нет ОВД"", ""uz_UZ"": ""ИИБ йук""}",f,206,0
207,"{""ru_RU"": ""Нет ОВД"", ""uz_UZ"": ""ИИБ йук""}",f,219,0
208,"{""ru_RU"": ""Нет ОВД"", ""uz_UZ"": ""ИИБ йук""}",f,220,0
209,"{""ru_RU"": ""Нет ОВД"", ""uz_UZ"": ""ИИБ йук""}",f,221,0
210,"{""ru_RU"": ""ОВД-1"", ""uz_UZ"": ""1-сонли ИИБ""}",f,207,1
211,"{""ru_RU"": ""ОВД-2"", ""uz_UZ"": ""2-сонли ИИБ""}",f,207,2
212,"{""ru_RU"": ""ОВД-3"", ""uz_UZ"": ""3-сонли ИИБ""}",f,207,3
213,"{""ru_RU"": ""ОВД-4"", ""uz_UZ"": ""4-сонли ИИБ""}",f,207,4
214,"{""ru_RU"": ""ОВД-1"", ""uz_UZ"": ""1-сонли ИИБ""}",f,208,1
215,"{""ru_RU"": ""ОВД-2"", ""uz_UZ"": ""2-сонли ИИБ""}",f,208,2
216,"{""ru_RU"": ""ОВД-3"", ""uz_UZ"": ""3-сонли ИИБ""}",t,208,3
217,"{""ru_RU"": ""ОВД-4"", ""uz_UZ"": ""4-сонли ИИБ""}",t,208,4
218,"{""ru_RU"": ""ОВД-1"", ""uz_UZ"": ""1-сонли ИИБ""}",f,209,1
219,"{""ru_RU"": ""ОВД-2"", ""uz_UZ"": ""2-сонли ИИБ""}",f,210,2
220,"{""ru_RU"": ""ОВД-3"", ""uz_UZ"": ""3-сонли ИИБ""}",f,210,3
221,"{""ru_RU"": ""ОВД-4"", ""uz_UZ"": ""4-сонли ИИБ""}",f,211,4
222,"{""ru_RU"": ""ОВД-5"", ""uz_UZ"": ""5-сонли ИИБ""}",f,211,5
223,"{""ru_RU"": ""ОВД-6"", ""uz_UZ"": ""6-сонли ИИБ""}",f,212,6
224,"{""ru_RU"": ""ОВД-7"", ""uz_UZ"": ""7-сонли ИИБ""}",f,212,7
225,"{""ru_RU"": ""ОВД-8"", ""uz_UZ"": ""8-сонли ИИБ""}",f,213,8
226,"{""ru_RU"": ""ОВД-9"", ""uz_UZ"": ""9-сонли ИИБ""}",f,213,9
227,"{""ru_RU"": ""ОВД-10"", ""uz_UZ"": ""10-сонли ИИБ""}",f,214,10
228,"{""ru_RU"": ""ОВД-11"", ""uz_UZ"": ""11-сонли ИИБ""}",f,214,11
229,"{""ru_RU"": ""ОВД-12"", ""uz_UZ"": ""12-сонли ИИБ""}",f,215,12
230,"{""ru_RU"": ""ОВД-13"", ""uz_UZ"": ""13-сонли ИИБ""}",f,215,13
231,"{""ru_RU"": ""ОВД-14"", ""uz_UZ"": ""14-сонли ИИБ""}",f,216,14
232,"{""ru_RU"": ""ОВД-18"", ""uz_UZ"": ""18-сонли ИИБ""}",f,217,18
233,"{""ru_RU"": ""ОВД-19"", ""uz_UZ"": ""19-сонли ИИБ""}",f,218,19
234,"{""ru_RU"": ""ОВД-20"", ""uz_UZ"": ""20-сонли ИИБ""}",f,218,20
235,"{""ru_RU"": ""ОВД-1"", ""uz_UZ"": ""1-сонли ИИБ""}",f,222,1
236,"{""ru_RU"": ""ОВД-2"", ""uz_UZ"": ""2-сонли ИИБ""}",f,222,2
237,"{""ru_RU"": ""ОВД-3"", ""uz_UZ"": ""3-сонли ИИБ""}",f,222,3
238,"{""ru_RU"": ""ОВД-1"", ""uz_UZ"": ""1-сонли ИИБ""}",f,229,1
239,"{""ru_RU"": ""Нет ОВД"", ""uz_UZ"": ""ИИБ йук""}",f,223,0
240,"{""ru_RU"": ""Нет ОВД"", ""uz_UZ"": ""ИИБ йук""}",f,224,0
241,"{""ru_RU"": ""Нет ОВД"", ""uz_UZ"": ""ИИБ йук""}",f,225,0
242,"{""ru_RU"": ""Нет ОВД"", ""uz_UZ"": ""ИИБ йук""}",f,226,0
243,"{""ru_RU"": ""Нет ОВД"", ""uz_UZ"": ""ИИБ йук""}",f,227,0
244,"{""ru_RU"": ""Нет ОВД"", ""uz_UZ"": ""ИИБ йук""}",f,228,0
245,"{""ru_RU"": ""Нет ОВД"", ""uz_UZ"": ""ИИБ йук""}",f,230,0
246,"{""ru_RU"": ""Нет ОВД"", ""uz_UZ"": ""ИИБ йук""}",f,231,0
247,"{""ru_RU"": ""Нет ОВД"", ""uz_UZ"": ""ИИБ йук""}",f,232,0
248,"{""ru_RU"": ""ОВД - №1"", ""uz_UZ"": ""1-сонли ИИБ""}",f,233,1
249,"{""ru_RU"": ""ОВД - №2 "", ""uz_UZ"": ""2-сонли ИИБ""}",f,233,2
250,"{""ru_RU"": ""ОВД - №3"", ""uz_UZ"": ""3-сонли ИИБ""}",f,233,3
251,"{""ru_RU"": ""ОВД - №4"", ""uz_UZ"": ""4-сонли ИИБ""}",f,233,4
252,"{""ru_RU"": ""ОВД - №1"", ""uz_UZ"": ""1-сонли ИИБ""}",f,234,1
253,"{""ru_RU"": ""ОВД - №2 "", ""uz_UZ"": ""2-сонли ИИБ""}",f,234,2
254,"{""ru_RU"": ""ОВД - №3"", ""uz_UZ"": ""3-сонли ИИБ""}",f,234,3
255,"{""ru_RU"": ""ОВД - №4"", ""uz_UZ"": ""4-сонли ИИБ""}",f,234,4
256,"{""ru_RU"": ""ОВД - №1"", ""uz_UZ"": ""1-сонли ИИБ""}",f,235,1
257,"{""ru_RU"": ""ОВД - №3"", ""uz_UZ"": ""3-сонли ИИБ""}",f,236,3
258,"{""ru_RU"": ""ОВД - №4"", ""uz_UZ"": ""4-сонли ИИБ""}",f,236,4
259,"{""ru_RU"": ""ОВД - №5"", ""uz_UZ"": ""5-сонли ИИБ""}",f,237,5
260,"{""ru_RU"": ""ОВД - №12"", ""uz_UZ"": ""12-сонли ИИБ ""}",f,238,1
261,"{""ru_RU"": ""ОВД - №9"", ""uz_UZ"": ""9-сонли ИИБ""}",f,239,9
262,"{""ru_RU"": ""ОВД - №1"", ""uz_UZ"": ""1-сонли ИИБ""}",f,240,1
263,"{""ru_RU"": ""ОВД - №2 "", ""uz_UZ"": ""2-сонли ИИБ""}",f,240,2
264,"{""ru_RU"": ""ОВД - №3"", ""uz_UZ"": ""3-сонли ИИБ""}",f,240,3
265,"{""ru_RU"": ""ОВД - №1"", ""uz_UZ"": ""1-сонли ИИБ""}",f,241,1
266,"{""ru_RU"": ""ОВД - №11"", ""uz_UZ"": ""11-сонли ИИБ""}",f,241,1
267,"{""ru_RU"": ""ОВД - №7"", ""uz_UZ"": ""7-сонли ИИБ""}",f,242,7
268,"{""ru_RU"": ""ОВД - №8"", ""uz_UZ"": ""8-сонли ИИБ""}",f,243,8
269,"{""ru_RU"": ""Нет ОВД"", ""uz_UZ"": ""ИИБ йук""}",f,244,0
270,"{""ru_RU"": ""Нет ОВД"", ""uz_UZ"": ""ИИБ йук""}",f,245,0
271,"{""ru_RU"": ""ОВД - №1"", ""uz_UZ"": ""1-сонли ИИБ""}",f,246,1
272,"{""ru_RU"": ""ОВД - №2 "", ""uz_UZ"": ""2-сонли ИИБ""}",f,246,2
273,"{""ru_RU"": ""ОВД - №3"", ""uz_UZ"": ""3-сонли ИИБ""}",f,246,3
274,"{""ru_RU"": ""ОВД - №4"", ""uz_UZ"": ""4-сонли ИИБ""}",f,246,4
275,"{""ru_RU"": ""ОВД - №1"", ""uz_UZ"": ""1-сонли ИИБ""}",f,247,1
276,"{""ru_RU"": ""ОВД - №2 "", ""uz_UZ"": ""2-сонли ИИБ""}",f,247,2
277,"{""ru_RU"": ""ОВД - №3"", ""uz_UZ"": ""3-сонли ИИБ""}",f,247,3
278,"{""ru_RU"": ""ОВД - №4"", ""uz_UZ"": ""4-сонли ИИБ""}",f,247,4
279,"{""ru_RU"": ""ОВД - №6"", ""uz_UZ"": ""6-сонли ИИБ""}",f,248,6
280,"{""ru_RU"": ""ОВД - №3"", ""uz_UZ"": ""3-сонли ИИБ""}",f,249,3
281,"{""ru_RU"": ""ОВД - №7"", ""uz_UZ"": ""7-сонли ИИБ""}",f,250,7
282,"{""ru_RU"": ""ОВД - №8"", ""uz_UZ"": ""8-сонли ИИБ""}",f,250,8
283,"{""ru_RU"": ""ОВД - №4"", ""uz_UZ"": ""4-сонли ИИБ ""}",f,251,4
284,"{""ru_RU"": ""ОВД - №9"", ""uz_UZ"": ""9-сонли ИИБ""}",f,252,9
285,"{""ru_RU"": ""ОВД - №1"", ""uz_UZ"": ""1-сонли ИИБ""}",f,253,1
286,"{""ru_RU"": ""Нет ОВД"", ""uz_UZ"": ""ИИБ йук""}",f,254,0
287,"{""ru_RU"": ""Нет ОВД"", ""uz_UZ"": ""ИИБ йук""}",f,255,0
288,"{""ru_RU"": ""Нет ОВД"", ""uz_UZ"": ""ИИБ йук""}",f,256,0
289,"{""ru_RU"": ""Нет ОВД"", ""uz_UZ"": ""ИИБ йук""}",f,257,0
290,"{""ru_RU"": ""Нет ОВД"", ""uz_UZ"": ""ИИБ йук""}",f,258,0
291,"{""ru_RU"": ""УКД ОВД г.Карши"", ""uz_UZ"": ""Карши шахар ИИОФМБ""}",f,207,0
292,"{""ru_RU"": ""УКД РОВД Чиракчинского р-на"", ""uz_UZ"": ""Чирокчи т-ни ИИОФМБ""}",f,208,0
293,"{""ru_RU"": ""РОВД Китабского р-на"", ""uz_UZ"": ""Китаб т-ни ИИБ""}",f,209,0
294,"{""ru_RU"": ""РОВД Миришкорского р-на"", ""uz_UZ"": ""Миришкор т-ни ИИБ""}",f,210,0
295,"{""ru_RU"": ""РОВД Гузарского р-на"", ""uz_UZ"": ""Гузар т-ни ИИБ""}",f,211,0
296,"{""ru_RU"": ""РОВД Камашинского р-на"", ""uz_UZ"": ""Камаши т-ни ИИБ""}",f,212,0
297,"{""ru_RU"": ""РОВД Каршинского р-на"", ""uz_UZ"": ""Карши т-ни ИИБ""}",f,213,0
298,"{""ru_RU"": ""РОВД Касанского р-на"", ""uz_UZ"": ""Косон т-ни ИИБ""}",f,214,0
299,"{""ru_RU"": ""РОВД Нишанского р-на"", ""uz_UZ"": ""Нишон т-ни ИИБ""}",f,215,0
300,"{""ru_RU"": ""РОВД Касбинского р-на"", ""uz_UZ"": ""Касби т-ни ИИБ""}",f,216,0
301,"{""ru_RU"": ""РОВД Шахрисабзкого р-на"", ""uz_UZ"": ""Шахрисабз т-ни ИИБ""}",f,217,0
302,"{""ru_RU"": ""РОВД Яккабагского р-на"", ""uz_UZ"": ""Яккабог т-ни ИИБ""}",f,218,0
303,"{""ru_RU"": ""ГУВД г.Наманган"", ""uz_UZ"": ""Наманган шаҳар ИИО ФМБ""}",f,118,0
304,"{""ru_RU"": ""РОВД Чусткого р-на"", ""uz_UZ"": ""Чуст туман ИИБ""}",f,120,0
305,"{""ru_RU"": ""РОВД Мингбулакского р-на"", ""uz_UZ"": ""Мингбулоқ туман ИИБ""}",f,121,0
306,"{""ru_RU"": ""РОВД Касансайского р-на"", ""uz_UZ"": ""Косонсой туман ИИБ""}",f,122,0
307,"{""ru_RU"": ""РОВД Папского р-на"", ""uz_UZ"": ""Поп туман ИИБ""}",f,123,0
308,"{""ru_RU"": ""РОВД Учкурганского р-на"", ""uz_UZ"": ""Учқўрғон туман ИИБ""}",f,124,0
309,"{""ru_RU"": ""РОВД Чартакского р-на"", ""uz_UZ"": ""Чортоқ туман ИИБ""}",f,125,0
310,"{""ru_RU"": ""РОВД Янгикурганского р-на"", ""uz_UZ"": ""Янгиқўрғон туман ИИБ""}",f,127,0
311,"{""ru_RU"": ""УКД ОВД г.Самарканда"", ""uz_UZ"": ""Самарқанд ш. ИИО ФМБ""}",f,146,0
312,"{""ru_RU"": ""ОВД Булунгурского р-на"", ""uz_UZ"": ""Булунғур туман ИИБ""}",f,148,0
313,"{""ru_RU"": ""ОВД Иштиханского р-на"", ""uz_UZ"": ""Иштихон туман ИИБ""}",f,150,0
314,"{""ru_RU"": ""ОВД Каттакурганского р-на"", ""uz_UZ"": ""Каттақўрғон туман ИИБ""}",f,151,0
315,"{""ru_RU"": ""ОВД Нурабадского р-на"", ""uz_UZ"": ""Нуробод туман ИИБ""}",f,153,0
316,"{""ru_RU"": ""ОВД Акдарьинского р-на"", ""uz_UZ"": ""Оқдарё туман ИИБ""}",f,154,0
317,"{""ru_RU"": ""ОВД Пайарыкского р-на"", ""uz_UZ"": ""Пайариқ туман ИИБ""}",f,155,0
318,"{""ru_RU"": ""ОВД Пастгаромского р-на"", ""uz_UZ"": ""Пастдарғом туман ИИБ""}",f,156,0
319,"{""ru_RU"": ""ОВД Самаркандского р-на"", ""uz_UZ"": ""Самарқанд туман ИИБ""}",f,158,0
320,"{""ru_RU"": ""ОВД Ургутского р-на"", ""uz_UZ"": ""Ургут туман ИИО ФМБ""}",f,160,0
321,"{""ru_RU"": ""ОВД Кушрабадского р-на"", ""uz_UZ"": ""Қўшробод туман ИИБ""}",f,161,0
322,"{""ru_RU"": ""ГОВД г.Термез"", ""uz_UZ"": ""Термиз шахар ИИБ""}",f,192,0
323,"{""ru_RU"": ""РОВД Ш.Денауского р-на"", ""uz_UZ"": ""Денау т-ни ИИБ""}",f,193,0
324,"{""ru_RU"": ""УКД ОВД г.Гулистан"", ""uz_UZ"": ""Гулистон шаҳар ИИО ФМБ""}",f,222,0
325,"{""ru_RU"": ""ОВД Хавастского р-на"", ""uz_UZ"": ""Ховос тумани ИИБ""}",f,229,0
326,"{""ru_RU"": ""ГУВД г.Андижан"", ""uz_UZ"": ""Андижон шахар ИИОФМБ""}",f,115,0
327,"{""ru_RU"": ""РОВД Андижанского р-на"", ""uz_UZ"": ""Андижон туман ИИБ""}",f,117,0
328,"{""ru_RU"": ""РОВД Балыкчинского р-на"", ""uz_UZ"": ""Балиқчи туман ИИБ""}",f,133,0
329,"{""ru_RU"": ""РОВД Жалакудукского р-на"", ""uz_UZ"": ""Жалақудуқ туман ИИБ""}",f,136,0
330,"{""ru_RU"": ""РОВД Избосканского р-на"", ""uz_UZ"": ""Избоскан туман ИИБ""}",f,137,0
331,"{""ru_RU"": ""РОВД Мархаматского р-на"", ""uz_UZ"": ""Мархамат туман ИИБ""}",f,139,0
332,"{""ru_RU"": ""РОВД Олтинкульского р-на"", ""uz_UZ"": ""Олтинкўл туман ИИБ""}",f,140,0
333,"{""ru_RU"": ""РОВД Пахтаабадского р-на"", ""uz_UZ"": ""Пахтаобод туман ИИБ""}",f,141,0
334,"{""ru_RU"": ""РОВД Худжаабадского р-на"", ""uz_UZ"": ""Хўжаобод туман ИИБ""}",f,143,0
335,"{""ru_RU"": ""УКД ОВД г.Бухара"", ""uz_UZ"": ""Бухоро шаҳар  ИИО ФМБ""}",f,233,0
336,"{""ru_RU"": ""УКД ОВД Гиждуванского р-на"", ""uz_UZ"": ""Ғиждувон тумани ИИО ФМБ""}",f,234,0
337,"{""ru_RU"": ""ГУВД г.Каган"", ""uz_UZ"": ""Когон шаҳар ИИБ ""}",f,235,0
338,"{""ru_RU"": ""РОВД Бухарского р-на"", ""uz_UZ"": ""Бухоро тумани ИИБ ""}",f,236,0
339,"{""ru_RU"": ""РОВД Вобкентского р-на"", ""uz_UZ"": ""Вобкент тумани ИИБ ""}",f,237,0
340,"{""ru_RU"": ""РОВД Каракульского р-на"", ""uz_UZ"": ""Қоракўл тумани ИИБ ""}",f,238,0
341,"{""ru_RU"": ""РОВД Рамитанского р-на"", ""uz_UZ"": ""Ромитан тумани ИИБ ""}",f,239,0
342,"{""ru_RU"": ""РОВД Жандорского р-на"", ""uz_UZ"": ""Жондор тумани ИИБ ""}",f,240,0
343,"{""ru_RU"": ""РОВД Шафирканского р-на"", ""uz_UZ"": ""Шофиркон тумани ИИБ ""}",f,241,0
344,"{""ru_RU"": ""РОВД Алатского р-на"", ""uz_UZ"": ""Олот тумани ИИБ ""}",f,242,0
345,"{""ru_RU"": ""РОВД Пешкунского р-на"", ""uz_UZ"": ""Пешку тумани ИИБ""}",f,243,0
346,"{""ru_RU"": ""УКД ОВД г.Джизак"", ""uz_UZ"": ""Жиззах ш. ИИО ФМБ""}",f,179,0
347,"{""ru_RU"": ""РОВД Ш.Рашидовского р-на"", ""uz_UZ"": ""Ш.Рашидов тумани ИИБ""}",f,180,0
348,"{""ru_RU"": ""РОВД Галяаральского р-на"", ""uz_UZ"": ""Ғаллаорол тумани ИИБ""}",f,181,0
349,"{""ru_RU"": ""РОВД Заминского р-на"", ""uz_UZ"": ""Зомин тумани ИИБ""}",f,182,0
350,"{""ru_RU"": ""РОВД Бахмальского р-на"", ""uz_UZ"": ""Бахмал тумани ИИБ""}",f,183,0
351,"{""ru_RU"": ""РОВД Форишского р-на"", ""uz_UZ"": ""Фориш тумани ИИБ""}",f,190,0
352,"{""ru_RU"": ""УВД г. Чирчик"", ""uz_UZ"": ""Чирчик ш.ИИБ""}",f,48,0
353,"{""ru_RU"": ""УВД Кибрайского р-на"", ""uz_UZ"": ""Кибрай т-ни ИИБ""}",f,49,0
354,"{""ru_RU"": ""ОВД Бостанлыкского р-на"", ""uz_UZ"": ""Бостанлык т-ни ИИБ""}",f,50,0
355,"{""ru_RU"": ""ОВД Паркентского р-на"", ""uz_UZ"": ""Паркент т-ни ИИБ""}",f,51,0
356,"{""ru_RU"": ""ОВД Юкоричирчикского р-на"", ""uz_UZ"": ""Юкоричирчик т-ни ИИБ""}",f,52,0
357,"{""ru_RU"": ""УВД г.Ангрен "", ""uz_UZ"": ""Ангрен ш. ИИБ""}",f,53,0
358,"{""ru_RU"": ""ОВД г.Алмалык"", ""uz_UZ"": ""Олмалик ш. ИИБ""}",f,54,0
359,"{""ru_RU"": ""ОВД Ахангаранского р-на"", ""uz_UZ"": ""Охангарон т-ни ИИБ""}",f,55,0
360,"{""ru_RU"": ""ОВД Букинского р-на"", ""uz_UZ"": ""Бука т-ни ИИБ""}",f,58,0
361,"{""ru_RU"": ""ОВД Уртачирчикского р-на"", ""uz_UZ"": ""Уртачирчик т-ни ИИБ""}",f,60,0
362,"{""ru_RU"": ""ОВД Янгиюльского р-на"", ""uz_UZ"": ""Янгиюль т-ни ИИБ""}",f,63,0
363,"{""ru_RU"": ""ОВД Зангиатинского р-на"", ""uz_UZ"": ""Зангиота т-ни ИИБ""}",f,64,0
364,"{""ru_RU"": ""ОВД Чиназского р-на"", ""uz_UZ"": ""Чиноз т-ни ИИБ""}",f,65,0
365,"{""ru_RU"": ""ОВД Куйичирчикского р-на"", ""uz_UZ"": ""Куйичирчик т-ни ИИБ""}",f,66,0
366,"{""ru_RU"": ""УВД Ташкентского р-на"", ""uz_UZ"": ""Тошкент т-ни ИИБ""}",f,67,0
367,"{""ru_RU"": ""УКД ОВД г.Ургенч"", ""uz_UZ"": ""Урганч шахар ИИО ФМБ""}",f,246,0
368,"{""ru_RU"": ""УКД ОВД Кошкупырского р-на"", ""uz_UZ"": ""Кушкупир тумани ИИО  ФМБ""}",f,247,0
369,"{""ru_RU"": ""РОВД Ургенчского р-на"", ""uz_UZ"": ""Урганч тумани ИИБ ""}",f,248,0
370,"{""ru_RU"": ""РОВД Багатского р-на"", ""uz_UZ"": ""Богот туман ИИБ""}",f,249,0
371,"{""ru_RU"": ""РОВД Тупраккалинского  р-на"", ""uz_UZ"": ""Тупроккалъа тумани ИИБ""}",f,250,0
372,"{""ru_RU"": ""РОВД Гурленского р-на"", ""uz_UZ"": ""Гурлан тумани ИИБ""}",f,251,0
373,"{""ru_RU"": ""РОВД Шаватского р-на"", ""uz_UZ"": ""Шовот тумани ИИБ""}",f,252,0
374,"{""ru_RU"": ""РОВД Хивинского р-на"", ""uz_UZ"": ""Хива тумани ИИБ""}",f,253,0
376,"{""ru_RU"": ""УКД ОВД г.Нукус"", ""uz_UZ"": ""Нукус ш. ИИО ФМБ""}",f,276,0
377,"{""ru_RU"": ""ОВД - №1"", ""uz_UZ"": ""1-сонли ИИБ""}",f,276,1
378,"{""ru_RU"": ""ОВД - №2 "", ""uz_UZ"": ""2-сонли ИИБ""}",f,276,2
379,"{""ru_RU"": ""ОВД - №3"", ""uz_UZ"": ""3-сонли ИИБ""}",f,276,3
380,"{""ru_RU"": ""ОВД - №4"", ""uz_UZ"": ""4-сонли ИИБ""}",f,276,4
381,"{""ru_RU"": ""РОВД Турткульского р-на"", ""uz_UZ"": ""Турткул ТИИБ""}",f,277,0
382,"{""ru_RU"": ""ОВД - №11"", ""uz_UZ"": ""11-сонли ИИБ ""}",f,277,1
383,"{""ru_RU"": ""РОВД Кунградского р-на"", ""uz_UZ"": ""Кунгирот ТИИБ""}",f,278,0
384,"{""ru_RU"": ""ОВД - №5"", ""uz_UZ"": ""5-сонли ИИБ""}",f,278,5
385,"{""ru_RU"": ""ОВД - №6"", ""uz_UZ"": ""6-сонли ИИБ ""}",f,278,6
386,"{""ru_RU"": ""ОВД - №7"", ""uz_UZ"": ""7-сонли ИИБ""}",f,278,7
387,"{""ru_RU"": ""РОВД Кегейлийского р-на"", ""uz_UZ"": ""Кегейли ТИИБ""}",f,279,0
388,"{""ru_RU"": ""ОВД - №9"", ""uz_UZ"": ""9-сонли ИИБ""}",f,279,9
389,"{""ru_RU"": ""Нет ОВД"", ""uz_UZ"": ""ИИБ йук""}",f,280,0
390,"{""ru_RU"": ""Нет ОВД"", ""uz_UZ"": ""ИИБ йук""}",f,281,0
391,"{""ru_RU"": ""Нет ОВД"", ""uz_UZ"": ""ИИБ йук""}",f,282,0
392,"{""ru_RU"": ""Нет ОВД"", ""uz_UZ"": ""ИИБ йук""}",f,283,0
393,"{""ru_RU"": ""Нет ОВД"", ""uz_UZ"": ""ИИБ йук""}",f,284,0
394,"{""ru_RU"": ""Нет ОВД"", ""uz_UZ"": ""ИИБ йук""}",f,285,0
395,"{""ru_RU"": ""Нет ОВД"", ""uz_UZ"": ""ИИБ йук""}",f,286,0
396,"{""ru_RU"": ""Нет ОВД"", ""uz_UZ"": ""ИИБ йук""}",f,287,0
397,"{""ru_RU"": ""Нет ОВД"", ""uz_UZ"": ""ИИБ йук""}",f,288,0
398,"{""ru_RU"": ""Нет ОВД"", ""uz_UZ"": ""ИИБ йук""}",f,289,0
399,"{""ru_RU"": ""Нет ОВД"", ""uz_UZ"": ""ИИБ йук""}",f,290,0
400,"{""ru_RU"": ""Нет ОВД"", ""uz_UZ"": ""ИИБ йук""}",f,291,0
401,"{""ru_RU"": ""Нет ОВД"", ""uz_UZ"": ""ИИБ йук""}",f,292,0
402,"{""ru_RU"": ""УКД ОВД г.Навои"", ""uz_UZ"": ""Навоий шахар ИИО ФМБ""}",f,293,0
403,"{""ru_RU"": ""ОВД - №1"", ""uz_UZ"": ""1 - сонли ИИБ""}",f,293,1
404,"{""ru_RU"": ""ОВД - №2 "", ""uz_UZ"": ""2 - сонли ИИБ""}",f,293,2
405,"{""ru_RU"": ""ОВД - №3"", ""uz_UZ"": ""3 - сонли ИИБ""}",f,293,3
406,"{""ru_RU"": ""ОВД - №4"", ""uz_UZ"": ""4 - сонли ИИБ""}",f,293,4
407,"{""ru_RU"": ""УВД г.Зарафшан"", ""uz_UZ"": ""Зарафшон шахар ИИБ""}",f,294,0
408,"{""ru_RU"": ""ОВД - №1"", ""uz_UZ"": ""1 - сонли ИИБ""}",f,294,1
409,"{""ru_RU"": ""РОВД Карманинского р-на"", ""uz_UZ"": ""Кармана тумани ИИБ""}",f,295,0
410,"{""ru_RU"": ""ОВД - №1"", ""uz_UZ"": ""1 - сонли ИИБ""}",f,295,1
411,"{""ru_RU"": ""ОВД - №2 "", ""uz_UZ"": ""2 - сонли ИИБ""}",f,295,2
412,"{""ru_RU"": ""ОВД - №3"", ""uz_UZ"": ""3 - сонли ИИБ""}",f,295,3
413,"{""ru_RU"": ""РОВД Хатирчинского р-на"", ""uz_UZ"": ""Хатирчи тумани ИИБ""}",f,296,0
414,"{""ru_RU"": ""ОВД - №10"", ""uz_UZ"": ""10 - сонли ИИБ""}",f,296,1
415,"{""ru_RU"": ""ОВД - №11"", ""uz_UZ"": ""11 - сонли ИИБ""}",f,296,1
416,"{""ru_RU"": ""РОВД Навбахорского р-на"", ""uz_UZ"": ""Навбахор тумани ИИБ""}",f,297,0
417,"{""ru_RU"": ""ОВД - №7"", ""uz_UZ"": ""7 - сонли ИИБ""}",f,297,7
418,"{""ru_RU"": ""РОВД Кызылтепинского р-на"", ""uz_UZ"": ""Кизилтепа тумани ИИБ""}",f,298,0
419,"{""ru_RU"": ""ОВД - №5"", ""uz_UZ"": ""5 - сонли ИИБ""}",f,298,5
420,"{""ru_RU"": ""ОВД - №6"", ""uz_UZ"": ""6 - сонли ИИБ""}",f,298,6
421,"{""ru_RU"": ""РОВД Канимехского р-на"", ""uz_UZ"": ""Конимех тумании ИИБ""}",f,299,0
422,"{""ru_RU"": ""ОВД - №12"", ""uz_UZ"": ""12 - сонли ИИБ""}",f,299,1
423,"{""ru_RU"": ""РОВД Нуратинского р-на"", ""uz_UZ"": ""Нурота тумани ИИБ""}",f,300,0
424,"{""ru_RU"": ""ОВД - №9"", ""uz_UZ"": ""9 - сонли ИИБ""}",f,300,9
425,"{""ru_RU"": ""Нет ОВД"", ""uz_UZ"": ""ИИБ йук""}",f,301,0
426,"{""ru_RU"": ""Нет ОВД"", ""uz_UZ"": ""ИИБ йук""}",f,302,0
427,"{""ru_RU"": ""Нет ОВД"", ""uz_UZ"": ""ИИБ йук""}",f,303,0
428,"{""ru_RU"": ""ОВД-2"", ""uz_UZ"": ""2-сон ИИБ""}",f,304,2
429,"{""ru_RU"": ""ОВД-3"", ""uz_UZ"": ""3-сон ИИБ""}",f,304,3
430,"{""ru_RU"": ""ОВД-4"", ""uz_UZ"": ""4-сон ИИБ""}",f,304,4
431,"{""ru_RU"": ""ОВД-1"", ""uz_UZ"": ""1-сон ИИБ""}",f,305,1
432,"{""ru_RU"": ""ОВД-2"", ""uz_UZ"": ""2-сон ИИБ""}",f,305,2
433,"{""ru_RU"": ""ОВД-3"", ""uz_UZ"": ""3-сон ИИБ""}",f,305,3
434,"{""ru_RU"": ""ОВД-4"", ""uz_UZ"": ""4-сон ИИБ""}",f,305,4
435,"{""ru_RU"": ""ОВД-5"", ""uz_UZ"": ""5-сон ИИБ""}",f,305,5
436,"{""ru_RU"": ""ОВД-1"", ""uz_UZ"": ""1-сон ИИБ""}",f,306,1
437,"{""ru_RU"": ""ОВД-2"", ""uz_UZ"": ""2-сон ИИБ""}",f,306,2
438,"{""ru_RU"": ""ОВД-3"", ""uz_UZ"": ""3-сон ИИБ""}",f,306,3
439,"{""ru_RU"": ""ОВД-4"", ""uz_UZ"": ""4-сон ИИБ""}",f,306,4
440,"{""ru_RU"": ""ОВД-5"", ""uz_UZ"": ""5-сон ИИБ""}",f,306,5
441,"{""ru_RU"": ""ОВД-2"", ""uz_UZ"": ""2-сон ИИБ""}",f,307,2
442,"{""ru_RU"": ""ОВД-3"", ""uz_UZ"": ""3-сон ИИБ""}",f,307,3
443,"{""ru_RU"": ""ОВД-4"", ""uz_UZ"": ""4-сон ИИБ""}",f,307,4
444,"{""ru_RU"": ""ОВД-2"", ""uz_UZ"": ""2-сон ИИБ""}",f,308,2
445,"{""ru_RU"": ""ОВД-3"", ""uz_UZ"": ""3-сон ИИБ""}",f,308,3
446,"{""ru_RU"": ""ОВД-4"", ""uz_UZ"": ""4-сон ИИБ""}",f,308,4
447,"{""ru_RU"": ""ОВД-5"", ""uz_UZ"": ""5-сон ИИБ""}",f,308,5
448,"{""ru_RU"": ""ОВД-1"", ""uz_UZ"": ""1-сон ИИБ""}",f,309,1
449,"{""ru_RU"": ""ОВД-2"", ""uz_UZ"": ""2-сон ИИБ""}",f,309,2
450,"{""ru_RU"": ""ОВД-3"", ""uz_UZ"": ""3-сон ИИБ""}",f,309,3
451,"{""ru_RU"": ""ОВД-4"", ""uz_UZ"": ""4-сон ИИБ""}",f,309,4
452,"{""ru_RU"": ""ОВД-5"", ""uz_UZ"": ""5-сон ИИБ""}",f,309,5
453,"{""ru_RU"": ""ОВД-1"", ""uz_UZ"": ""1-сон ИИБ""}",f,310,1
454,"{""ru_RU"": ""ОВД-2"", ""uz_UZ"": ""2-сон ИИБ""}",f,310,2
455,"{""ru_RU"": ""ОВД-3"", ""uz_UZ"": ""3-сон ИИБ""}",f,310,3
456,"{""ru_RU"": ""ОВД-4"", ""uz_UZ"": ""4-сон ИИБ""}",f,310,4
457,"{""ru_RU"": ""ОВД-1"", ""uz_UZ"": ""1-сон ИИБ""}",f,311,1
458,"{""ru_RU"": ""ОВД-2"", ""uz_UZ"": ""2-сон ИИБ""}",f,311,2
459,"{""ru_RU"": ""ОВД-3"", ""uz_UZ"": ""3-сон ИИБ""}",f,311,3
460,"{""ru_RU"": ""ОВД-4"", ""uz_UZ"": ""4-сон ИИБ""}",f,311,4
461,"{""ru_RU"": ""ОВД-1"", ""uz_UZ"": ""1-сон ИИБ""}",f,312,1
462,"{""ru_RU"": ""ОВД-2"", ""uz_UZ"": ""2-сон ИИБ""}",f,312,2
463,"{""ru_RU"": ""ОВД-3"", ""uz_UZ"": ""3-сон ИИБ""}",f,312,3
464,"{""ru_RU"": ""ОВД-4"", ""uz_UZ"": ""4-сон ИИБ""}",f,312,4
465,"{""ru_RU"": ""ОВД-5"", ""uz_UZ"": ""5-сон ИИБ""}",f,312,5
466,"{""ru_RU"": ""ОВД-1"", ""uz_UZ"": ""1-сон ИИБ""}",f,313,1
467,"{""ru_RU"": ""ОВД-2"", ""uz_UZ"": ""2-сон ИИБ""}",f,313,2
468,"{""ru_RU"": ""ОВД-3"", ""uz_UZ"": ""3-сон ИИБ""}",f,313,3
469,"{""ru_RU"": ""ОВД-4"", ""uz_UZ"": ""4-сон ИИБ""}",f,313,4
470,"{""ru_RU"": ""ОВД-2"", ""uz_UZ"": ""2-сон ИИБ""}",f,314,2
471,"{""ru_RU"": ""ОВД-3"", ""uz_UZ"": ""3-сон ИИБ""}",f,314,3
472,"{""ru_RU"": ""ОВД-4"", ""uz_UZ"": ""4-сон ИИБ""}",f,314,4
473,"{""ru_RU"": ""ОВД-2"", ""uz_UZ"": ""2-сон ИИБ""}",f,315,2
474,"{""ru_RU"": ""ОВД-3"", ""uz_UZ"": ""3-сон ИИБ""}",f,315,3
475,"{""ru_RU"": ""ОВД-4"", ""uz_UZ"": ""4-сон ИИБ""}",f,315,4
476,"{""ru_RU"": ""УКД ОВД Мирабадского р-на, ОВД-1"", ""uz_UZ"": ""Миробод ТИИОФМБ, 1-сон ИИБ""}",f,304,
478,"{""ru_RU"": ""УКД ОВД М.Улугбеского р-на"", ""uz_UZ"": ""М.Улуғбек ТИИО ФМБ""}",f,305,
479,"{""ru_RU"": ""УКД ОВД Юнусубадского р-на"", ""uz_UZ"": ""Юнусобод ТИИО ФМБ""}",f,306,
480,"{""ru_RU"": ""УКД ОВД Яккасарайского р-на, ОВД-1"", ""uz_UZ"": ""Яккасарой ТИИО ФМБ, 1-сон ИИБ ""}",f,307,
481,"{""ru_RU"": ""УКД ОВД Шайхантахурского р-на, ОВД-1"", ""uz_UZ"": ""Шайхонтаҳур ТИИО ФМБ, 1-сон ИИБ ""}",f,308,
482,"{""ru_RU"": ""УКД ОВД Чиланзарского р-на"", ""uz_UZ"": ""Чилонзор ТИИО ФМБ""}",f,309,
483,"{""ru_RU"": ""УКД ОВД Яшнабадского р-на"", ""uz_UZ"": ""Яшнобод ТИИО ФМБ""}",f,311,
484,"{""ru_RU"": ""УКД ОВД Алмазарского р-на"", ""uz_UZ"": ""Олмазор ТИИО ФМБ""}",f,312,
485,"{""ru_RU"": ""УКД ОВД Бектемирского р-на, ОВД-1"", ""uz_UZ"": ""Бектемир ТИИОФМБ,  1-сон ИИБ ""}",f,314,
486,"{""ru_RU"": ""УКД ОВД Янгихаётского р-на, ОВД-1"", ""uz_UZ"": ""Янгиҳаёт ТИИ ОФМБ 1-сон ИИБ ""}",f,315,
487,"{""ru_RU"": ""Нет ОВД"", ""uz_UZ"": ""ИИБ йук""}",f,316,
488,"{""ru_RU"": ""Нет ОВД"", ""uz_UZ"": ""ИИБ йук""}",f,317,
489,"{""ru_RU"": ""Нет ОВД"", ""uz_UZ"": ""ИИБ йук""}",f,318,
490,"{""ru_RU"": ""Нет ОВД"", ""uz_UZ"": ""ИИБ йук""}",f,319,
491,"{""ru_RU"": ""Нет ОВД"", ""uz_UZ"": ""ИИБ йук""}",f,320,
492,"{""ru_RU"": ""Нет ОВД"", ""uz_UZ"": ""ИИБ йук""}",f,321,
493,"{""ru_RU"": ""Нет ОВД"", ""uz_UZ"": ""ИИБ йук""}",f,322,
494,"{""ru_RU"": ""Нет ОВД"", ""uz_UZ"": ""ИИБ йук""}",f,323,
495,"{""ru_RU"": ""Нет ОВД"", ""uz_UZ"": ""ИИБ йук""}",f,324,
496,"{""ru_RU"": ""Нет ОВД"", ""uz_UZ"": ""ИИБ йук""}",f,325,
497,"{""ru_RU"": ""Нет ОВД"", ""uz_UZ"": ""ИИБ йук""}",f,326,
498,"{""ru_RU"": ""Нет ОВД"", ""uz_UZ"": ""ИИБ йук""}",f,327,
499,"{""ru_RU"": ""Нет ОВД"", ""uz_UZ"": ""ИИБ йук""}",f,328,
500,"{""ru_RU"": ""Нет ОВД"", ""uz_UZ"": ""ИИБ йук""}",f,329,
501,"{""ru_RU"": ""Нет ОВД"", ""uz_UZ"": ""ИИБ йук""}",f,330,
502,"{""ru_RU"": ""Нет ОВД"", ""uz_UZ"": ""ИИБ йук""}",f,331,
503,"{""ru_RU"": ""Нет ОВД"", ""uz_UZ"": ""ИИБ йук""}",f,332,
504,"{""ru_RU"": ""Нет ОВД"", ""uz_UZ"": ""ИИБ йук""}",f,333,
505,"{""ru_RU"": ""Нет ОВД"", ""uz_UZ"": ""ИИБ йук""}",f,334,
506,"{""ru_RU"": ""Нет ОВД"", ""uz_UZ"": ""ИИБ йук""}",f,335,
507,"{""ru_RU"": ""Нет ОВД"", ""uz_UZ"": ""ИИБ йук""}",f,336,
508,"{""ru_RU"": ""Нет ОВД"", ""uz_UZ"": ""ИИБ йук""}",f,337,
509,"{""ru_RU"": ""Нет ОВД"", ""uz_UZ"": ""ИИБ йук""}",f,338,
510,"{""ru_RU"": ""Нет ОВД"", ""uz_UZ"": ""ИИБ йук""}",f,339,
511,"{""ru_RU"": ""Нет ОВД"", ""uz_UZ"": ""ИИБ йук""}",f,340,
512,"{""ru_RU"": ""Нет ОВД"", ""uz_UZ"": ""ИИБ йук""}",f,341,
513,"{""ru_RU"": ""Нет ОВД"", ""uz_UZ"": ""ИИБ йук""}",f,342,
514,"{""ru_RU"": ""Нет ОВД"", ""uz_UZ"": ""ИИБ йук""}",f,343,
515,"{""ru_RU"": ""Нет ОВД"", ""uz_UZ"": ""ИИБ йук""}",f,344,
516,"{""ru_RU"": ""РОВД Давлатабадского р-на"", ""uz_UZ"": ""Давлатобод туман ИИБ""}",f,118,
517,"{""ru_RU"": ""ОВД-1"", ""uz_UZ"": ""1-сонли ИИБ""}",f,345,
518,"{""ru_RU"": ""ОВД-2"", ""uz_UZ"": ""2-сонли ИИБ""}",f,345,
519,"{""ru_RU"": ""Нет ОВД"", ""uz_UZ"": ""ИИБ йук""}",f,346,
520,"{""ru_RU"": ""Нет ОВД"", ""uz_UZ"": ""ИИБ йук""}",f,347,
521,"{""ru_RU"": ""Нет ОВД"", ""uz_UZ"": ""ИИБ йук""}",f,348,
522,"{""ru_RU"": ""Нет ОВД"", ""uz_UZ"": ""ИИБ йук""}",f,349,
523,"{""ru_RU"": ""Нет ОВД"", ""uz_UZ"": ""ИИБ йук""}",f,350,
524,"{""ru_RU"": ""Нет ОВД"", ""uz_UZ"": ""ИИБ йук""}",f,351,
525,"{""ru_RU"": ""Нет ОВД"", ""uz_UZ"": ""ИИБ йук""}",f,352,
526,"{""ru_RU"": ""Нет ОВД"", ""uz_UZ"": ""ИИБ йук""}",f,353,
527,"{""ru_RU"": ""Нет ОВД"", ""uz_UZ"": ""ИИБ йук""}",f,354,
528,"{""ru_RU"": ""Нет ОВД"", ""uz_UZ"": ""ИИБ йук""}",f,355,
529,"{""ru_RU"": ""Нет ОВД"", ""uz_UZ"": ""ИИБ йук""}",f,356,
530,"{""ru_RU"": ""Нет ОВД"", ""uz_UZ"": ""ИИБ йук""}",f,357,
531,"{""ru_RU"": ""Нет ОВД"", ""uz_UZ"": ""ИИБ йук""}",f,358,
532,"{""ru_RU"": ""Нет ОВД"", ""uz_UZ"": ""ИИБ йук""}",f,359,
533,"{""ru_RU"": ""ОВД-тест"", ""uz_UZ"": ""1-сонли тест""}",f,364,
534,"{""ru_RU"": ""Нет ОВД"", ""uz_UZ"": ""ИИБ йук""}",f,365,
